date,usdt_adj_vol,usdt_supply,usdt_circulating_supply
2023/12/31 0:00,9257509557.710821,91414659777.76003,91705804322.0054
2024/1/1 0:00,9237278326.605238,91442957983,91710003321.2887
2024/1/2 0:00,17812851731.679993,91779564129.95003,91710003321.2887
2024/1/3 0:00,21276157650.7711,92168368628.95001,92047993063.1992
2024/1/4 0:00,19638482212.22961,92539280401.16998,92439664764.4992
2024/1/5 0:00,18338441068.54294,93087965047.61998,92808320416
2024/1/6 0:00,10408615777.709133,93287248168.17003,93348277476.0274
2024/1/7 0:00,8947362136.499128,93357950666.97002,93624627475.5647
2024/1/8 0:00,20421987533.365047,93817842959,94091164864.7238
2024/1/9 0:00,20202747438.077736,94065166570.23997,94091164864.7238
2024/1/10 0:00,21176197624.36237,94346455762.90999,94341083432.7971
2024/1/11 0:00,24086208758.710186,94712535274.13008,95001955731.0203
2024/1/12 0:00,22881207652.965843,94724406497.30997,95001955731.0203
2024/1/13 0:00,11523529195.760433,94722528281.97002,95010835101.6347
2024/1/14 0:00,9350596131.084055,94698235614,95010835095.9592
2024/1/15 0:00,20019987121.6832,94820757981.08997,95121720210.8297
2024/1/16 0:00,20867233677.048473,94838761637.72997,95121720210.8297
2024/1/17 0:00,19155723188.667,94876784985.01001,95165015480.8912
2024/1/18 0:00,20684131039.80558,94770252482.28001,95060023617.7112
2024/1/19 0:00,20282886811.978252,94773540181.37999,95060023617.7112
2024/1/20 0:00,10605340614.381168,94635501511.29001,95063512119.0722
2024/1/21 0:00,8092855253.822793,94639459662.34004,94929347996.6459
2024/1/22 0:00,18828808553.122543,94626559536,94930821669.2984
2024/1/23 0:00,21590808922.288143,95267137057.43996,95576820991.7184
2024/1/24 0:00,19933793767.51876,95235472559.88002,95554092990.8223
2024/1/25 0:00,19628586626.037212,95244041560.42998,95554092990.8223
2024/1/26 0:00,22172308043.43895,95722446295,95556458500.5278
2024/1/27 0:00,9977121088.833687,95727067363.72006,96036749591.5366
2024/1/28 0:00,8768713328.453308,95724496074,96036749591.5366
2024/1/29 0:00,20974441017.096096,95739485188.18997,96052972269.4121
2024/1/30 0:00,20378800251.573166,95885108384.28008,96052972269.4121
2024/1/31 0:00,20789681198.103966,95894140105.02005,96219281549.494
2024/2/1 0:00,19462532386.138138,95891664287,96219281549.494
2024/2/2 0:00,18532267128.09029,95888350681.37999,96231343353.0139
2024/2/3 0:00,11132821621.733099,95887414381.46005,96231343353
2024/2/4 0:00,10231085746.083504,95891992663.33006,96231343352.9591
2024/2/5 0:00,21006837001.31047,95886089288.26997,96231343352.9591
2024/2/6 0:00,19679769896.275738,95828509993.74998,96181404717.1546
2024/2/7 0:00,21981027393.494144,95830286500.48997,96181404717.1546
2024/2/8 0:00,22931828992.865383,95851204651.93004,96186132537.3594
2024/2/9 0:00,19164777032.6959,95891655157,96206255178.3594
2024/2/10 0:00,10876304714.183222,96015696140.44003,96341755178.3592
2024/2/11 0:00,8924580323.236847,96155291041,96475135177.5782
2024/2/12 0:00,15728288550.124199,96345541682,96668335177.5771
2024/2/13 0:00,16196625839.491442,96475408580.56998,96668335177.5771
2024/2/14 0:00,19925887228.06357,96629416634.50998,96961330982.8576
2024/2/15 0:00,20133343192.12809,96916744615.59996,97116788125.7176
2024/2/16 0:00,19816916150.20101,97169565032.29997,97455987376.1713
2024/2/17 0:00,11186705374.940357,97329090636.09004,97657406456.6394
2024/2/18 0:00,12898828608.692715,97357088638.78003,97687100003.6389
2024/2/19 0:00,19693170334.31988,97369779283.34001,97687100003.6389
2024/2/20 0:00,23729700509.534004,97482852676.92001,97818291517.1195
2024/2/21 0:00,21535633566.41297,97510232868.26996,97841827648.7173
2024/2/22 0:00,22802767865.201805,97514059733,97843287089.2773
2024/2/23 0:00,21808781640.25226,97577248423.63004,97910734641.7273
2024/2/24 0:00,11516023424.29201,97573981012.24002,97910734641.7272
2024/2/25 0:00,9399816629.83792,97577785127,97910734641.7271
2024/2/26 0:00,21793437091.354374,97800140365.2401,98063568243.127
2024/2/27 0:00,22998420304.179665,98073230848,98390937373.9967
2024/2/28 0:00,25946992401.412823,98304113044.65004,98390937373.9967
2024/2/29 0:00,26275754803.60562,98477136904.28004,98798027729.4259
2024/3/1 0:00,22998107359.76748,98860034450,99179337470.6852
2024/3/2 0:00,15459172749.959188,99109010737.83003,99179337470.6852
2024/3/3 0:00,12609016685.928158,99224095892,99515227360.7681
2024/3/4 0:00,28590229070.981472,99742683921.99004,99515227360.7681
2024/3/5 0:00,32121886674.1889,100135997868.57005,100044694548.971
2024/3/6 0:00,27749236445.194904,100457716238.67,100471757191.324
2024/3/7 0:00,25208647818.096313,100743328337.26003,100729057191.324
2024/3/8 0:00,26432596540.31266,101326984000.09,101045215622.846
2024/3/9 0:00,14583644243.760717,101556136450.88997,101592333005.466
2024/3/10 0:00,13377048566.103123,101749216860.37003,102018133001.266
2024/3/11 0:00,28093948478.572742,102152690659.02,102018133001.266
2024/3/12 0:00,27450677551.59958,102362881319.07999,102434373085.146
2024/3/13 0:00,26687806468.55758,102839765229.30998,102662860009.669
2024/3/14 0:00,27297910668.49388,102962318003.52994,103130027285.907
2024/3/15 0:00,28850955228.02148,103018307445.54007,103313954568.176
2024/3/16 0:00,16928446944.6903,103104032705.33995,103313954568.176
2024/3/17 0:00,14158508065.113804,103112734309.45001,103415164358.386
2024/3/18 0:00,25619995701.16845,103310005209.18997,103415164358.386
2024/3/19 0:00,30916402632.629234,103474907560.39003,103618183617.716
2024/3/20 0:00,27624211719.598118,103601468632.16994,103779521890.486
2024/3/21 0:00,23967066316.69929,103751860562.59001,103904029582.796
2024/3/22 0:00,23410350211.82095,103716957607.67995,104019385313.676
2024/3/23 0:00,12058856836.227676,103700240907.85008,104019385313.676
2024/3/24 0:00,10130321268.145918,103708061915.47,104009385313.676
2024/3/25 0:00,24801277572.735752,103883449835.08998,104014385313.676
2024/3/26 0:00,23576926736.57326,104018383098.45999,104233700559.266
2024/3/27 0:00,24005703174.976234,104104892195.90999,104362092743.913
2024/3/28 0:00,22291592759.207806,104148064073.64001,104454161510.779
2024/3/29 0:00,17994536073.462536,104151963057.98001,104504319949.971
2024/3/30 0:00,11800191537.120275,104155233302.06001,104505348425.461
2024/3/31 0:00,12019150502.817886,104091653741.37,104505348425.461
2024/4/1 0:00,22664766707.54653,104307390366.4201,104446647126.741
2024/4/2 0:00,30900169774.960163,104930395885.86002,104657945828.041
2024/4/3 0:00,28800657071.943924,105795621822.14001,105280728305.684
2024/4/4 0:00,25568091230.079765,106248087024.58005,106149786847.074
2024/4/5 0:00,23443594849.017082,106465687748.35004,106601457935.074
2024/4/6 0:00,12258240917.389822,106544043356.11998,106814507935.074
2024/4/7 0:00,11441043146.955177,106549538329.85997,106900267934.999
2024/4/8 0:00,25842802098.245537,106699110996.70009,107024366082.899
2024/4/9 0:00,24391285991.34862,106829971828.90001,107051666082.899
2024/4/10 0:00,20796841345.988026,106912686668.49007,107189305522.759
2024/4/11 0:00,20290489078.20851,106951693900.73001,107267504623.659
2024/4/12 0:00,26026806931.63187,107018615162.88004,107306343185.099
2024/4/13 0:00,19127953616.960136,107355087997.28996,107359271606.677
2024/4/14 0:00,15558230692.615541,107402433207.82994,107677151606.655
2024/4/15 0:00,26913074190.501804,107722269348.00996,107728051606.655
2024/4/16 0:00,30288029679.084183,108399847919.59003,108100162510.754
2024/4/17 0:00,23878476524.612156,108691993747.49005,108732462510.754
2024/4/18 0:00,24325603041.24084,109120908875.54991,109031963304.874
2024/4/19 0:00,25360233752.297737,109444534134.68004,109469563907.174
2024/4/20 0:00,12692703662.036736,109476049106.71008,109714381114.834
2024/4/21 0:00,10346300148.706692,109478297165.22002,109834251114.814
2024/4/22 0:00,24496087899.782986,109843710831.31998,109840251114.814
2024/4/23 0:00,22174652662.654003,110094037769.50998,110404070763.865
2024/4/24 0:00,22373499224.103813,110095029192.70006,110463515619.005
2024/4/25 0:00,21229739224.03146,110044015948.19,110463515619.005
2024/4/26 0:00,20659205826.279877,110168653120.01,110425743821.675
2024/4/27 0:00,11697731587.982876,110170400081.65009,110561912301.675
2024/4/28 0:00,9769384422.751022,110172610348.29005,110562912301.675
2024/4/29 0:00,20211155616.808582,110241326878.56004,110562912298.675
2024/4/30 0:00,22853663699.030727,110221496975.6799,110643229581.368
2024/5/1 0:00,17974117111.65373,110183286787.38997,110595728040.54
2024/5/2 0:00,20563999520.978424,110203993747.94,110595728040.54
2024/5/3 0:00,19570854454.33239,110380149234.56996,110605184324.029
2024/5/4 0:00,11531365576.127794,110514697662.86003,110769088394.969
2024/5/5 0:00,8936396014.817842,110503214950.52011,110901010765.949
2024/5/6 0:00,20152775976.61002,110565766649.31004,110906825432.788
2024/5/7 0:00,20904709292.47747,110545004608.73996,110971000757.376
2024/5/8 0:00,20398810791.715187,110543264659.51006,110955976510.796
2024/5/9 0:00,18997062127.550854,110514253440.25003,110955976510.796
2024/5/10 0:00,20135842692.67758,110414227737.97998,110810011395.866
2024/5/11 0:00,11231449255.208384,110405140175.54002,110840001395.866
2024/5/12 0:00,8621599828.510534,110401495032.03004,110840001385.828
2024/5/13 0:00,21238044391.550972,110417492508.04004,110840001385.792
2024/5/14 0:00,21510120431.597702,110520041780.56,110846923650.037
2024/5/15 0:00,21590108393.17307,110554013323.51003,110952273350.244
2024/5/16 0:00,24817344145.828365,110771986539.87001,111205483123.854
2024/5/17 0:00,21655520018.65692,110921293688.22995,111205483123.854
2024/5/18 0:00,12486146867.17907,111016915286.61002,111335316581.101
2024/5/19 0:00,10223244190.142443,111008431094.57999,111434916579.795
2024/5/20 0:00,24004828180.660732,110936862879.97998,111434916579.786
2024/5/21 0:00,28574003983.85543,111296885115.75005,111364216399.098
2024/5/22 0:00,22084583882.577244,111324505214.15002,111755626510.038
2024/5/23 0:00,25785959439.639446,111468317986.87996,111752623506.758
2024/5/24 0:00,23418942360.328106,111498952965.65997,111897037586.601
2024/5/25 0:00,12284494710.013395,111498807913.11002,111937360457.903
2024/5/26 0:00,10683596567.049635,111504134346.70999,111937360452.825
2024/5/27 0:00,20772842707.782894,111521437992.42003,111939160452.203
2024/5/28 0:00,23432394180.424965,111521446914.70007,111965329380.761
2024/5/29 0:00,21977960071.657814,111512556395.74002,111962821346.452
2024/5/30 0:00,22008859104.736103,111551889550.29996,111963763434.503
2024/5/31 0:00,21639658457.15749,111702242366.80005,111996172620.764
2024/6/1 0:00,12831937606.065317,111777248900.03,112141340734.728
2024/6/2 0:00,10791176222.525845,111776897309.41006,112210010734.728
2024/6/3 0:00,23068474692.47308,111842093794.45001,112210010734.316
2024/6/4 0:00,23067844707.351383,111875516935.17004,112286364258.112
2024/6/5 0:00,23654887659.582108,111950522485.22,112316773848.083
2024/6/6 0:00,24819292125.284115,111983325930.78004,112392062235.468
2024/6/7 0:00,24808416919.174507,112008205551.27998,112432615055.284
2024/6/8 0:00,13119186310.19233,112010853786.48,112453114731.331
2024/6/9 0:00,9412908011.126425,112042103540.34001,112451964717.428
2024/6/10 0:00,18905180598.11189,112076080323.87001,112480965357.27
2024/6/11 0:00,24201648874.830494,112058879625.44008,112496265357.229
2024/6/12 0:00,23017521201.715588,112103256438.87,112496265357.229
2024/6/13 0:00,22642737480.40311,112113455251.29001,112544030567.115
2024/6/14 0:00,23016221114.883923,112115658870.11,112559449770.646
2024/6/15 0:00,12988631914.17283,112109035613.27997,112559949271.119
2024/6/16 0:00,9280100303.92609,112105948176.23994,112559949271.119
2024/6/17 0:00,20172311078.68984,112097398041.80006,112560892637.152
2024/6/18 0:00,22317714269.098988,112162882377.28995,112552589019.021
2024/6/19 0:00,20418399341.63693,112166670979.10004,112606076384.236
2024/6/20 0:00,23150370902.400078,112446200007.20995,112891354601.683
2024/6/21 0:00,23401244782.17477,112501110973.68991,112891354601.683
2024/6/22 0:00,10991957566.104921,112501610534.12997,112941691562.697
2024/6/23 0:00,9029062969.23626,112497141265.68999,112941691562.696
2024/6/24 0:00,24254642724.146805,112491513772.80998,112951263991.531
2024/6/25 0:00,22707428839.062874,112386282984.51,112934363981.531
2024/6/26 0:00,22723364900.61263,112319271481.25003,112829626104.055
2024/6/27 0:00,22262818697.177704,112311986615.68994,112780783337.505
2024/6/28 0:00,21962315420.05669,112343640727.51001,112807784426.237
2024/6/29 0:00,11020402700.522913,112448978416.87003,1.12811E+11
2024/6/30 0:00,11393866834.545189,112432363182.95003,112911493076.316
2024/7/1 0:00,22343281962.65183,112350131453.81004,112874989522.076
2024/7/2 0:00,21886692841.379692,112198982068.88007,112787335849.362
2024/7/3 0:00,22296031023.793903,112049883300.98003,112644773125.907
2024/7/4 0:00,22684738157.94547,111940159939.73996,112484875382.935
2024/7/5 0:00,28103003616.897015,111790765959.79001,112301290554.48
2024/7/6 0:00,11956055870.760569,111780802392.44002,112223789756.28
2024/7/7 0:00,9885187201.631475,111782668134.71997,112223789756.28
2024/7/8 0:00,22412460960.113674,111784213765.12999,112209782589.341
2024/7/9 0:00,21344086741.23371,111831582619.74002,112207150564.86
2024/7/10 0:00,21726614631.064266,111937224990.06004,112259808785.143
2024/7/11 0:00,22136043855.028725,111943181055.69006,112259808785.143
2024/7/12 0:00,21302589922.52891,111988012304.58006,112368902073.181
2024/7/13 0:00,11992145262.919155,112038032433.70998,112417360493.783
2024/7/14 0:00,11263973635.221273,112108965057.72998,112466925458.783
2024/7/15 0:00,27172268111.35384,112442825343.19997,112536925458.193
2024/7/16 0:00,25621330679.571686,112788306134.92003,112862180225.157
2024/7/17 0:00,23387709344.863815,113194061550.18001,113224555138.644
2024/7/18 0:00,21829685373.40083,113253284089.96996,113632416636.038
2024/7/19 0:00,23014146117.707695,113451872194.69997,113696229620.945
2024/7/20 0:00,12064463765.578842,113617135199.34998,113877604814.343
2024/7/21 0:00,11073761226.321411,113667985013.64003,114039204814.276
2024/7/22 0:00,23570637493.99648,113796361860.56003,114084704813.379
2024/7/23 0:00,24340166237.818066,113959628635.41008,114240216367.407
2024/7/24 0:00,21960995388.117,113940394600.56,114419695893.829
2024/7/25 0:00,22703667066.14403,113819780654.34003,114401179630.606
2024/7/26 0:00,22125845209.87933,113899991961.13995,114284179630.606
2024/7/27 0:00,12669471513.33623,113985752762.43007,114329209286.924
2024/7/28 0:00,9585203007.170177,113990515586.54996,114417852149.833
2024/7/29 0:00,24214111648.033096,114024941585.34999,114417852141.833
2024/7/30 0:00,22728364802.856037,114016928492.66998,114461602976.662
2024/7/31 0:00,23687084175.709362,114063947109.26004,114466136717.89
2024/8/1 0:00,24578236913.241364,113983562321.58002,114495496586.556
2024/8/2 0:00,24446604551.9154,113896326176.11,114501280130.737
2024/8/3 0:00,16332630059.152647,113965237457.74008,114542666302.877
2024/8/4 0:00,13775795862.705465,113751560130.17004,114527666301.354
2024/8/5 0:00,42520499130.45591,113576441783.06001,114527666301.096
2024/8/6 0:00,28862710858.916267,113916898250.43005,114422770628.491
2024/8/7 0:00,25068139995.634266,114375813165.88998,114551170628.491
2024/8/8 0:00,25130475168.927246,114967153934.44998,115017869041.692
2024/8/9 0:00,21848382646.180225,115424782468.62006,115404652458.269
2024/8/10 0:00,12130814842.914715,115237585539.38004,115659558844.627
2024/8/11 0:00,10290519648.081648,115326116268.76999,115638558844.627
2024/8/12 0:00,23194860196.92257,115512568795.58008,115638558844.547
2024/8/13 0:00,23524902692.182373,115884877001.37013,115638558844.547
2024/8/14 0:00,23479187967.1378,116161713869.38998,116183859406.619
2024/8/15 0:00,24276859956.04426,116364545588.99998,116532189829.292
2024/8/16 0:00,23454308271.07367,116446261765.20995,116713795918.019
2024/8/17 0:00,11814353887.54369,116559169763.38998,116836846708.029
2024/8/18 0:00,9662008988.504377,116237092148.9501,116885176708.029
2024/8/19 0:00,23500385038.91179,116684483626.21002,116886835208.029
2024/8/20 0:00,26646202407.311947,116837704714.52007,116993634416.837
2024/8/21 0:00,23125638814.129658,117024929800.07004,117294453952.965
2024/8/22 0:00,23136792722.500023,117230778345.31009,117426141388.06
2024/8/23 0:00,24257855626.18532,117460625281.92,117676046786.114
2024/8/24 0:00,14306573455.134687,117567984531.32,117860216534.998
2024/8/25 0:00,11752365004.36668,117371966223.96997,117862094160.202
2024/8/26 0:00,22621879613.554035,117530512842.53993,117862094160.202
2024/8/27 0:00,24585335411.52365,117387496897.67004,118039332678.207
2024/8/28 0:00,23949377852.614815,117538794742.60004,118104595856.357
2024/8/29 0:00,21583803103.59156,117736050117.88007,118104595856.357
2024/8/30 0:00,21815926777.028763,117786817254.80005,118225843080.772
2024/8/31 0:00,12809550960.422533,117749019426.08,118228802316.484
2024/9/1 0:00,11721547262.774479,117829270251.68997,118228802316.484
2024/9/2 0:00,22405417739.37457,117677989461.49,118141801841.452
2024/9/3 0:00,23143060333.33205,117465317138.92001,118141801841.452
2024/9/4 0:00,25001525927.89594,117726840968.91008,118142287334.841
2024/9/5 0:00,22927240994.4257,117648493805.48,118154769247.383
2024/9/6 0:00,25621701887.39314,117757498668.64005,118191486570.889
2024/9/7 0:00,13311281534.270432,117787693486.59999,118195386570.654
2024/9/8 0:00,10662607739.225563,117675056462.51999,118195386570.316
2024/9/9 0:00,24975562330.015465,117852655765.64006,118195386570.316
2024/9/10 0:00,22847139407.744804,117940067532.17004,118376416505.886
2024/9/11 0:00,21770304630.93574,117902915039.74004,118376416505.886
2024/9/12 0:00,21298977583.86001,117841796534.34001,118377416456.808
2024/9/13 0:00,23302540126.171146,118223669576.23997,118581493584.729
2024/9/14 0:00,13130306277.672962,118404013296.39,118581493584.729
2024/9/15 0:00,10474305627.247011,118395936535.24998,118810537791.354
2024/9/16 0:00,22313180627.321598,118167696557.70001,118701127897.486
2024/9/17 0:00,20450840864.96575,118398747808.36003,118701127897.486
2024/9/18 0:00,20458303444.918007,118594025377.46002,118841128795.21
2024/9/19 0:00,24858108823.3224,118590188671.8499,118891598050.372
2024/9/20 0:00,23302886190.38185,118703163508.65993,119166241913.548
2024/9/21 0:00,11824065257.163795,118641927750.30995,119139238140.344
2024/9/22 0:00,10078885848.637804,118687974269.28003,119162238140.344
2024/9/23 0:00,23374748233.25627,118720374818.62003,119243573831.052
2024/9/24 0:00,23036868885.264248,118728458496.90004,119234806111.271
2024/9/25 0:00,22387313836.870983,118861793647.70003,119281307303.469
2024/9/26 0:00,24739428862.929,118867754929.8201,119281307303.469
2024/9/27 0:00,23788742961.06139,118973115343.90001,119412806447.751
2024/9/28 0:00,11846194865.436483,119100359921.73997,119412806447.751
2024/9/29 0:00,10965218141.713816,119125312059.12996,119518802450.521
2024/9/30 0:00,27441513968.63686,119168274196.70993,119629274444.246
2024/10/1 0:00,25058461990.05454,118919483697.13992,119632023784.447
2024/10/2 0:00,24265469485.673176,118987526664.45006,119657675160.641
2024/10/3 0:00,22229601159.452866,118950134958.46007,119640575156.229
2024/10/4 0:00,21883566114.608177,118910790211.92993,119641989887.497
2024/10/5 0:00,12170898094.828526,118927306295.75993,119641989887.497
2024/10/6 0:00,11333380007.173248,118845833367.89,119677344810.509
2024/10/7 0:00,24881028438.156384,118925532079.13002,119677344810.509
2024/10/8 0:00,25315420433.91215,119082777274.32,119857245003.333
2024/10/9 0:00,25253431978.056564,119029145684.64,119848153356.521
2024/10/10 0:00,24817179364.384567,118980597060.06001,119856254817.544
2024/10/11 0:00,22794188290.13475,119109297928.22003,119732254814.621
2024/10/12 0:00,12822156209.57011,119118812400.98,119736504562.848
2024/10/13 0:00,10143981945.912354,119139316134.36006,119738104513.945
2024/10/14 0:00,25534997915.44693,119096181138.41006,119738104513.933
2024/10/15 0:00,29498642091.36858,119270696307.72997,119766074110.932
2024/10/16 0:00,26986269151.50834,119325575781.80989,119972176281.551
2024/10/17 0:00,24252638156.87506,119363523573.64998,119973576281.551
2024/10/18 0:00,25019575116.089043,119581268806.39001,120010326613.569
2024/10/19 0:00,13649443088.300844,119628526524.55003,120168979663.918
2024/10/20 0:00,12400681917.196812,119643060179.88995,120195979663.915
2024/10/21 0:00,28346459464.152702,119530201546.81004,120195979663.915
2024/10/22 0:00,26954785286.6236,119527340242.56004,120219543500.338
2024/10/23 0:00,26484019652.908634,119494982153.15,120207481573.625
2024/10/24 0:00,25203719354.3618,1.19652E+11,120221667386.653
2024/10/25 0:00,27974428043.80255,119668464725.89014,120301926990.847
2024/10/26 0:00,14565350605.355747,119519829271.16002,120304469780.027
2024/10/27 0:00,10375126722.283342,119496244137.1799,120339320858.664
2024/10/28 0:00,25906247970.908737,119406698218.28006,120339320856.062
2024/10/29 0:00,29189262532.042545,119963351461.74997,120245583212.678
2024/10/30 0:00,26665740937.863182,119856778980.47003,120504138281.467
2024/10/31 0:00,25895922552.745636,119754780554.61993,120573513104.302
2024/11/1 0:00,25523968222.537666,119927346780.95995,120572829275.281
2024/11/2 0:00,12987454168.538954,119961750667.58002,120576300905.252
2024/11/3 0:00,12341379949.935236,119933233834.42004,120576741184.327
2024/11/4 0:00,25919861250.659916,120028214454.39996,120576741184.214
2024/11/5 0:00,26032787051.615482,120031247441.34001,120496629333.274
2024/11/6 0:00,39644494419.19647,120977006638.81995,120499998420.336
2024/11/7 0:00,31940194965.041492,121584703006.60994,121378654700.611
2024/11/8 0:00,31177766947.111588,122683700552.47003,121953737784.446
2024/11/9 0:00,17472518780.51104,122554468662.74998,123028341160.283
2024/11/10 0:00,20946730222.297478,123025228111.38995,123200981216.893
2024/11/11 0:00,37342987385.02551,123887893966.68004,123386401199.986
2024/11/12 0:00,43010644249.13763,125405664737.86003,124012870443.674
2024/11/13 0:00,42463526147.97615,126597823236.97,125238185518.708
2024/11/14 0:00,38517292757.11836,127451741705.27994,126625684194.878
2024/11/15 0:00,32424764596.897205,127228478848.30995,127284508523.663
2024/11/16 0:00,20149835759.88212,127540830432.30006,127364484596.245
2024/11/17 0:00,17764766489.765774,127486567357.63004,127537303558.548
2024/11/18 0:00,40919419984.18742,128097068263.55,127539192697.571
2024/11/19 0:00,37822475839.02701,128757194778.58,128151427236.977
2024/11/20 0:00,40130891241.45689,130188375313.25995,128767132044.399
2024/11/21 0:00,41731483684.3014,130671795540.80995,130151051348.034
2024/11/22 0:00,37496469442.7448,131960183988.59995,130718783155.737
2024/11/23 0:00,26137926408.46247,132482163355.69,132105169727.156
2024/11/24 0:00,20125108678.060204,132645075986.1799,132437169724.178
2024/11/25 0:00,38517219562.66429,132643459576.10992,132590369719.836
2024/11/26 0:00,36139789757.1696,132419335627.62001,132744005559.75
2024/11/27 0:00,34680356634.36995,133158751295.02,132672505105.055
2024/11/28 0:00,28856010753.558296,133274936289.90004,133205067986.126
2024/11/29 0:00,32239888260.77511,133797514692.27998,133432174476.262
2024/11/30 0:00,19659708925.113335,133932659408.55002,133988109783.178
2024/12/1 0:00,17671284951.60809,134041159418.48004,134038109772.857
2024/12/2 0:00,39242083585.78921,134572084756.83997,134122209730.458
2024/12/3 0:00,40090622680.92193,134930905417.72002,134658029654.894
2024/12/4 0:00,42481946979.31602,135706451645.11,134983904742.73
2024/12/5 0:00,47596679960.30725,136649375175.48001,135691101232.32
2024/12/6 0:00,38281594416.06683,137327398979.81999,136630946804.39
2024/12/7 0:00,21130380670.050705,137599380434.33,137704486652.273
2024/12/8 0:00,17974094593.053352,138105722299.0001,137928486646.917
2024/12/9 0:00,43123672572.711975,138172479304.05994,138064756646.842
2024/12/10 0:00,42857623510.33759,138444960099.68997,138308884820.097
2024/12/11 0:00,39754972185.259895,139357198213.68002,138618977175.674
2024/12/12 0:00,35428010751.45932,139931278338.5901,139742488654.326
2024/12/13 0:00,32749297391.773205,139957671614.86002,140090579704.585
2024/12/14 0:00,18636214022.619617,140013102534.82996,140133672849.568
2024/12/15 0:00,17251203497.496166,139968460767.56995,140253672849.478
2024/12/16 0:00,40243320355.12136,140124797066.03006,140253672849.444
2024/12/17 0:00,37281864378.54546,140110844865.57,140454146488.503
2024/12/18 0:00,37347272665.00351,139827008492.53003,140607916018.816
2024/12/19 0:00,42963642380.933655,139840063273.13,140629475030.016
2024/12/20 0:00,44271009464.67573,139247853094,140623286117.34
2024/12/21 0:00,21770415727.85658,139211181208.50003,139872815646.939
2024/12/22 0:00,16830835599.615421,138976449298.29013,139872815646.753
2024/12/23 0:00,36267995615.20992,138532513133.50003,139848269931.163
2024/12/24 0:00,31821201547.515785,138847877289.96002,139848269931.163
2024/12/25 0:00,22714160370.005833,138760198140.80002,139423980093.458
2024/12/26 0:00,27005854205.879444,138807112132.30005,139427879732.053
2024/12/27 0:00,31889726340.029743,138436931624.14008,139440581307.071
2024/12/28 0:00,17776622799.704704,138404563592.07,139005076782.309
2024/12/29 0:00,14560567203.673933,138349960737.01004,139005076766.802
2024/12/30 0:00,38885339051.259094,137233936437.81004,138953076766.052
2024/12/31 0:00,26294615138.404358,136848997629.40009,137805153955.276
2025/1/1 0:00,15401520020.542553,136759760241.80002,137442664166.088
2025/1/2 0:00,26434703681.57397,136674356014.30995,137432664160.48
2025/1/3 0:00,28478753048.65159,136788416780.15005,137250612325.243
2025/1/4 0:00,15452009684.666973,136840089710.99998,137276181744.974
2025/1/5 0:00,13511653693.823215,136724740380.34006,137271150958.816
2025/1/6 0:00,34243176062.233788,137145309554.10005,137271150956.462
2025/1/7 0:00,36171119571.73629,137059013305.92996,137520044570.038
2025/1/8 0:00,34521441883.84987,136929156303.31001,137590885948.723
2025/1/9 0:00,34613380420.35423,136844546431.10997,137601365454.335
2025/1/10 0:00,30847921633.209305,136714108398.21999,137446161140.606
2025/1/11 0:00,16381280251.647263,136696785921.08989,137447054879.953
2025/1/12 0:00,14394343891.36916,136659661991.61996,137451354879.701
2025/1/13 0:00,37488258026.78659,136466538215.16992,137449718934.418
2025/1/14 0:00,32327865992.272663,136488713589.98003,137240776960.24
2025/1/15 0:00,35498940450.79375,136758409437.57997,137247766010.506
2025/1/16 0:00,34076821184.12854,136681742186.96997,137450564334.501
2025/1/17 0:00,37349085387.284584,137475616941.75006,137460714171.484
2025/1/18 0:00,28222382235.718548,137326654777.32997,138298010509.154
2025/1/19 0:00,36551584433.10849,137415190493.94005,138355809408.555
2025/1/20 0:00,47998114307.57453,137516841114.85,138368309376.052
2025/1/21 0:00,39105725814.74909,137730875016.84003,138429631272.732
2025/1/22 0:00,33918908086.393646,137812675404.23,138546341944.75
2025/1/23 0:00,38092336944.58097,138331619059.01007,138608320795.918
2025/1/24 0:00,35364852645.28975,138793084577.40997,138937765636.776
2025/1/25 0:00,18116879589.797894,138779350226.13992,139330807096.845
2025/1/26 0:00,15758225792.60176,138653063599.09006,139329876218.595
2025/1/27 0:00,39678355100.06864,138726179182.18008,139335051398.719
2025/1/28 0:00,28808709048.59216,138708271260.1801,139457358263.177
2025/1/29 0:00,23347022379.26605,138525391430.67,139468758259.846
2025/1/30 0:00,22588312464.330444,138547700862.62003,139405758247.312
2025/1/31 0:00,25356978134.771908,138570009490.15005,139394146312.546
2025/2/1 0:00,16240804299.38801,138578869354.03998,139404246312.202
2025/2/2 0:00,21207726778.12897,138665525737.58002,139404246308.183
2025/2/3 0:00,51397240031.687935,139965632581.81998,139399246306.536
2025/2/4 0:00,36180068821.70168,140679129093.54996,140478740215.596
2025/2/5 0:00,35300301193.06876,140836370178.63004,141386769197.643
2025/2/6 0:00,32698031493.917107,140949931775.59012,141166869194.87
2025/2/7 0:00,33514283535.82474,141182401051.82996,141355200814.963
2025/2/8 0:00,18341181274.97935,141234746669.17993,141664621553.594
2025/2/9 0:00,15850868815.816994,141133869436.47,141737141514.882
2025/2/10 0:00,31004607056.343185,141394901199.61,141618460040.088
2025/2/11 0:00,32272728401.00075,141349308839.0901,141879510828.921
2025/2/12 0:00,31923997428.528446,141326185287.22995,141953250507.843
2025/2/13 0:00,30811868346.072285,141346583799.21008,141925329575.663
2025/2/14 0:00,31414560782.183846,141640736944.55005,141805189026.549
2025/2/15 0:00,16026227647.225668,141582420823.32,141996505143.643
2025/2/16 0:00,13315836327.610794,141566501364.16995,141996505143.643
2025/2/17 0:00,28179795456.046947,1.41317E+11,141996505143.643
2025/2/18 0:00,34821351922.9988,141388914133.34003,141762384601.695
2025/2/19 0:00,31123217298.096054,141540007461.70993,141779694043.473
2025/2/20 0:00,33007811154.575726,141935474522.44995,141779694043.473
2025/2/21 0:00,37279062068.94238,142236647433.26996,142214396854.585
2025/2/22 0:00,28465090670.61135,142326871217.99002,142489546124.827
2025/2/23 0:00,17517125789.257065,142234467098.41003,142489546118.151
2025/2/24 0:00,37177396416.627914,142195388746.56003,142412546106.392
2025/2/25 0:00,44964951754.3939,141863282854.21994,142350475496.094
2025/2/26 0:00,37546587372.68479,142004402014.08005,142104224084.494
2025/2/27 0:00,36684803347.52799,141965620923.8399,142304613957.123
2025/2/28 0:00,41598967381.15164,144288364075.93002,142192589364.196
2025/3/1 0:00,19110598045.31312,144259981445.72998,142192589364.196
2025/3/2 0:00,19339505245.106487,142347038865.60995,142414921751.05
2025/3/3 0:00,35129704430.367935,142305867443.3699,142435921724.012
2025/3/4 0:00,35377785186.59516,142354983871.54013,142508685216.86
2025/3/5 0:00,32189935766.772724,142613527940.26996,142495395118.644
2025/3/6 0:00,33423300517.223953,142702158137.54004,142718418332.127
2025/3/7 0:00,35773479955.347855,142750253885.52002,142799794449.018
2025/3/8 0:00,18158396939.702,142833745306.63,142799794449.018
2025/3/9 0:00,16084257462.257776,142836178014.94998,142799794449.018
2025/3/10 0:00,38586371639.42912,142828419955.4199,142930697844.905
2025/3/11 0:00,38541673315.37678,143064660421.80994,142996909895.577
2025/3/12 0:00,33225770744.217587,143230960287.50003,143182152538.009
2025/3/13 0:00,31373896330.553932,143204979446.37,143345434363.282
2025/3/14 0:00,30669341934.744972,143409968854.55997,143346765715.551
2025/3/15 0:00,16620547166.323088,143418214348.18,143465026356.646
2025/3/16 0:00,13680985883.563148,143400925303.24005,143465026352.837
2025/3/17 0:00,31654196898.71919,143356552927.44,143465026337.551
2025/3/18 0:00,33590904677.483414,143349636727.61,143425881725.972
2025/3/19 0:00,39232671798.369194,143613518631.44998,143439068011.012
2025/3/20 0:00,33949564499.08338,143373415090.27,143653509034.065
2025/3/21 0:00,31471631657.842503,143365987100.53,143527578399.895
2025/3/22 0:00,16247129713.81127,143393245686.27002,143486985787.079
2025/3/23 0:00,14416151191.788548,143413117960.6501,143487285485.528
2025/3/24 0:00,34648885127.18289,143730455565.56006,143487285482.366
2025/3/25 0:00,30607813800.77772,143970014112.33005,143778115476.154
2025/3/26 0:00,29980227943.724926,144121972257.72995,144016138601.388
2025/3/27 0:00,32879633019.29404,144090336337.16013,144170982843.821
2025/3/28 0:00,33551226581.145947,143809266139.28003,144182349120.787
2025/3/29 0:00,16656893316.911678,143834922075.13,144182349120.787
2025/3/30 0:00,15220430746.827894,143859921199.4399,144182349120.787
2025/3/31 0:00,34149585962.002502,143919389740.00995,143937546292.655
2025/4/1 0:00,30639663102.817596,143969004085.27005,143992979510.881
2025/4/2 0:00,32068751760.962696,144248636159.67,144034280963.48
2025/4/3 0:00,32379931891.848427,143962894750.23,144244531135.139
2025/4/4 0:00,29848426127.11314,143971226395.29993,144086679997.865
2025/4/5 0:00,16368521646.1743,1.44044E+11,144086679997.865
2025/4/6 0:00,16949883329.708725,144081817497.25,144086679997.865
2025/4/7 0:00,42022701051.908905,144056789189.9901,144263991864.366
2025/4/8 0:00,34287121269.202824,143746611440.59003,144192090764.378
2025/4/9 0:00,37916082681.9332,144199743604.56006,144014397535.682
2025/4/10 0:00,34061355962.71193,143973884201.36002,144371007893.201
2025/4/11 0:00,32406777579.224785,144178677742.82007,144342486102.144
2025/4/12 0:00,24382497795.554676,146031529239.59,144389286100.937
2025/4/13 0:00,18403379450.051064,145958663006.07996,144389506100.82
2025/4/14 0:00,32845023040.786755,146190797844.21997,144343504474.936
2025/4/15 0:00,32438223796.892235,146334393594.47,144573605875.571
2025/4/16 0:00,33740728508.741447,146423307093.52994,144631710606.069
2025/4/17 0:00,31083445260.582993,146394876060.00992,144804996163.493
2025/4/18 0:00,23820658289.605995,146212208502.07,144796521706.925
2025/4/19 0:00,14653553947.254683,146213772164.58,144640112847.934
2025/4/20 0:00,14034666760.407887,146212001545.23996,144640112843.016
2025/4/21 0:00,33898170682.93214,146039551190.17004,144627087189.879
2025/4/22 0:00,45813267666.782486,1.46629E+11,144725116770.045
2025/4/23 0:00,38523567292.6644,147021537457.65,145279157230.656
2025/4/24 0:00,36102610909.72615,147416651724.92007,145648071863.176
2025/4/25 0:00,39188394838.47834,148173631147.94006,146014119939.269
2025/4/26 0:00,19161867852.67661,148478607322.84,147128417471.53
2025/4/27 0:00,16916018274.360243,148580748097.67,147128417471.413
2025/4/28 0:00,37011450375.77555,149235035117.78006,147243667464.565
2025/4/29 0:00,34575118692.88122,148146653565.78995,147965854574.721
2025/4/30 0:00,34062371072.44514,148431022414.4599,148416811379.124
2025/5/1 0:00,26596883137.441555,148666532615.21,148686251589.646
2025/5/2 0:00,29543952608.135235,148998783926.34003,148904681418.336
2025/5/3 0:00,17321991242.936382,149153762304.81003,149184155108.957
2025/5/4 0:00,15943954470.285688,149076274733.21002,149354155091.778
2025/5/5 0:00,51200551655.186485,149225723388.19998,149359355091.251
2025/5/6 0:00,32270912215.48309,149159452580.98004,149428697298.136
2025/5/7 0:00,36096686152.08757,149619411627.08008,149429167961.409
2025/5/8 0:00,40872713641.59115,150016652321.13998,149504280849.841
2025/5/9 0:00,38781130510.524536,149532754140.79004,149733756681.274
2025/5/10 0:00,21308832355.394142,149594717476.77002,149877103413.666
2025/5/11 0:00,17245447327.057487,149736827140.92984,149877103413.607
2025/5/12 0:00,37746234095.543816,149809076481.07996,150056567952.832
2025/5/13 0:00,38657030938.205246,150169695272.49997,150056567952.832
2025/5/14 0:00,38640987671.06045,150492115267.37003,150339866741.316
2025/5/15 0:00,46155491104.559944,150899584355.53995,150666971413.639
2025/5/16 0:00,40427076699.84562,1.51083E+11,151053955711.165
2025/5/17 0:00,23376328338.052414,151180804432.62003,151211085031.666
2025/5/18 0:00,18137643191.3137,151250715238.15005,151289797465.803
2025/5/19 0:00,37387164521.96446,151444206030.28006,151359797434.884
2025/5/20 0:00,39141495360.45125,151764271760.87,151585061300.428
2025/5/21 0:00,46006513167.37805,153783255819.77994,151909813092.783
2025/5/22 0:00,39807806387.01631,153869450398.18002,152399462952.211
2025/5/23 0:00,40505966580.101105,154075886717.75998,152489140126.505
2025/5/24 0:00,21751906797.81611,154110708380.94995,152702240126.45
2025/5/25 0:00,19088442980.76173,154137711283.25003,152732954758.038
2025/5/26 0:00,35065166711.219696,154150475295.08,152732954757.693
2025/5/27 0:00,39316586928.04655,154312848487.18005,152755320500.298
2025/5/28 0:00,40296845474.77282,154354506930.89,152913418919.933
2025/5/29 0:00,39990355438.34003,154401457274.71002,153020601570.754
2025/5/30 0:00,41197337970.72147,154389881668.59,153083661570.687
2025/5/31 0:00,27909044559.307438,154471783963.82993,1.53032E+11
2025/6/1 0:00,23105324864.79887,154523655669.67,153097093881.308
2025/6/2 0:00,41434034399.52692,154701008544.0699,153148231146.792
2025/6/3 0:00,42977825690.880806,155117735956.36993,153312689046.461
2025/6/4 0:00,41254094723.52322,155220236227.04,153720735745.197
2025/6/5 0:00,44103928745.91897,155438845273.76,153833369631.929
2025/6/6 0:00,40512101909.662605,155857059006.20004,154123626951.523
2025/6/7 0:00,28258610211.91042,156105205431.81992,154468336092.383
2025/6/8 0:00,28125565945.131832,156074666051.74997,154760836092.274
2025/6/9 0:00,50318957967.93605,156687980140.33,154760836131.331
2025/6/10 0:00,49085556016.98721,156522622391.58997,155181610791.207
2025/6/11 0:00,45003615634.7523,156639222471.38995,155038253887.805
2025/6/12 0:00,39274017843.35921,156700864810.03006,155188887081.369
2025/6/13 0:00,40019355039.14771,156992776787.59,155192186081.224
2025/6/14 0:00,21931085331.232807,156970229492.84006,155469346382.924
2025/6/15 0:00,19265653811.319668,156963111181.88992,155446546382.871
2025/6/16 0:00,41804616081.52797,157054460866.06,155485904912.034
2025/6/17 0:00,42564946787.972595,157007174226.10007,155476225902.817
2025/6/18 0:00,41393585384.41979,155859470995.56995,155564261551.234
2025/6/19 0:00,34845850399.22488,156031119267.27,155719756688.513
2025/6/20 0:00,42771618766.6963,156038039734.58,155941043666.295
2025/6/21 0:00,25815064922.345467,155978999105.38998,155888093658.42
2025/6/22 0:00,30894863518.894398,156144044902.02005,155798023657.837
2025/6/23 0:00,47991971836.154655,156503063960.17993,155965542177.116
2025/6/24 0:00,45871745668.01258,156919072826.41,156342070025.301
2025/6/25 0:00,40126966173.452194,157335706740.11993,156691510868.982
2025/6/26 0:00,39806804572.88561,157689401652.93997,157217164298.745
2025/6/27 0:00,36490697962.41849,157675381238.43005,157480181404.658
2025/6/28 0:00,21651541458.027367,157745930875.51993,157490226188.269
2025/6/29 0:00,19965343285.170692,157832585432.40002,157576926188.235
2025/6/30 0:00,40090667092.0175,157933262996.11002,157693626185.983
2025/7/1 0:00,38210507820.651665,158021710702.58002,157715226184.95
2025/7/2 0:00,42134250928.45073,158511831238.91998,157826202745.265
2025/7/3 0:00,40445179716.16164,158630494129.75998,158273034529.217
2025/7/4 0:00,35943232155.872795,158780735722.27997,158423499846.919
2025/7/5 0:00,20831540205.466656,158787837479.11005,158596591635.042
2025/7/6 0:00,18941654113.655846,158743353556.51993,158626664755.601
2025/7/7 0:00,39641350402.23565,158826642156.78998,158581664726.515
2025/7/8 0:00,37667256039.456245,158878962060.90997,158658517749.63
2025/7/9 0:00,41515626268.645256,159083107853.12997,1.58668E+11
2025/7/10 0:00,43809840873.24207,159347645908.39014,158786452076.54
2025/7/11 0:00,46364300975.11453,159672629729.97,159085671680.095
2025/7/12 0:00,25915247061.972725,159827602259.5999,159397793446.929
2025/7/13 0:00,25096376245.488895,159875345499.63,159485193434.849
2025/7/14 0:00,50012641480.3346,160179953599.32004,159530193433.925
2025/7/15 0:00,45132419040.49284,160259756844.89,159886922749.036
2025/7/16 0:00,46667052983.829285,160625160925.97,159979222747.236
2025/7/17 0:00,51803699168.992065,160871401619.26996,160261289852.803
2025/7/18 0:00,53000463309.18206,161721230816.96,160819014810.716
2025/7/19 0:00,30553759757.653305,162014776974.58008,161551850992.01
2025/7/20 0:00,28747734532.657833,162091317844.09998,161595606003.14
2025/7/21 0:00,46758956257.96304,162283334296.94006,161660770072.701
2025/7/22 0:00,46460813444.788414,162549063170.71005,161940579168.188
2025/7/23 0:00,43780328682.21076,162903544928.82993,161940579168.188
2025/7/24 0:00,43671712298.72629,163422425335.63013,162513452583.217
2025/7/25 0:00,49409447954.18236,163575842935.02,163048561039.594
2025/7/26 0:00,24221384713.57964,163893790349.01004,163298215329.927
2025/7/27 0:00,21497922354.90015,163936139514.96997,163573215329.811
2025/7/28 0:00,44640452382.7031,163969963362.47,163595317967.174
2025/7/29 0:00,44088172742.77002,164012829700.74002,163657602091.972
2025/7/30 0:00,42551630903.074356,164092552786.53998,163758281648.812
2025/7/31 0:00,44900016613.72649,1.64202E+11,163751876809.383
2025/8/1 0:00,46148792406.0272,1.64187E+11,163900677949.115
2025/8/2 0:00,24633198040.13672,164220715461.83,163900677949.029
2025/8/3 0:00,21833186749.104534,164272245678.93994,163894471105.532
2025/8/4 0:00,41233860457.593414,164231145771.59,163905845497.853
2025/8/5 0:00,38347675951.274185,164153941606.62003,163894712132.003
2025/8/6 0:00,37851729720.060585,164415795912.34012,163820703326.318
2025/8/7 0:00,41975981480.58711,164720967900.3699,164039701141.807
2025/8/8 0:00,42100087569.92253,164799944171.27002,164342001141.333
2025/8/9 0:00,27687767928.43531,164858935436.2101,164487416983.759
2025/8/10 0:00,23485695537.440933,164863902299.9001,164510416936.169
2025/8/11 0:00,47101190751.694786,164956514714.17004,164535416891.98
2025/8/12 0:00,44743835287.882095,165315815446.19,164627279935.017
2025/8/13 0:00,45937537401.40091,165632690382.75003,165024459754.79
2025/8/14 0:00,51333112376.03942,166295466602.37006,165024459754.79
2025/8/15 0:00,50987418814.27918,166934817291.69006,165856894201.358
2025/8/16 0:00,27149441654.73219,167189244830.69986,166393375511.269
2025/8/17 0:00,24210234322.18473,167270395312.09003,166657763574.199
2025/8/18 0:00,42859820215.61636,167537858264.42993,166732763571.85
2025/8/19 0:00,46886328182.93919,167414953951.08994,167044776122.566
2025/8/20 0:00,44398194166.67834,167475634788.16995,167010130246.281
2025/8/21 0:00,39818512600.687965,167454288259.74002,167059822574.779
2025/8/22 0:00,56557008757.67966,167550554215.85992,167065082313.501
2025/8/23 0:00,25919414531.56238,167552014577.58002,167150540387.637
2025/8/24 0:00,25968865836.838017,167601436426.47006,167150540381.157
2025/8/25 0:00,45845612689.13106,167717943640.53003,167150540379.763
2025/8/26 0:00,41993760346.37877,167752021532.71002,167196109217.121
2025/8/27 0:00,40192943006.96938,167849176775.2501,167205509216.559
2025/8/28 0:00,1268995836.5803292,167873829537.56998,167331219172.955
2025/8/29 0:00,1496960223.9838316,168123060648.06,167356013557.122
2025/8/30 0:00,670757341.2981886,168481323654.50995,167587057749.989
2025/8/31 0:00,20291549803.823956,168539039779.86,168007461104.552
2025/9/1 0:00,41889889577.95744,168533172594.46005,168028446122.327
2025/9/2 0:00,49396773440.69899,168633864839.3399,168027874497.48
2025/9/3 0:00,45417623236.19192,168899770418.60007,168142538568.911
2025/9/4 0:00,41561411540.01732,169109315058.06006,168316095138.239
2025/9/5 0:00,40326187791.86201,169475295253.51,168540494840.973
2025/9/6 0:00,24521860309.332863,169514723737.61,168871594840.742
2025/9/7 0:00,20221161425.08414,169459249607.97,168871594839.538
2025/9/8 0:00,1550310447.749383,169509330986.9099,168873694836.208
2025/9/9 0:00,43304875142.814064,169662415806.70993,168923873996.664
2025/9/10 0:00,41296603347.519135,169960750011.14005,169095073994.579
2025/9/11 0:00,43418386711.36025,170202020315.58987,169373054462.073
2025/9/12 0:00,45949549873.24178,170713059194.2799,169537170238.593
2025/9/13 0:00,30600231309.15804,170898570158.67007,170001696466.328
2025/9/14 0:00,23052148550.473366,170962583929.09012,170225499954.087
2025/9/15 0:00,47560160961.80886,1.71217E+11,170251299953.049
2025/9/16 0:00,44547210115.8462,1.71621E+11,170794286174.641
2025/9/17 0:00,46605920864.13623,171786036343.11002,170950286174.406
2025/9/18 0:00,48358490362.48126,172084094604.86993,171121826173.736
2025/9/19 0:00,43494979080.98224,172432175354.63995,171444831025.938
2025/9/20 0:00,27323520733.493996,172579038543.3098,171444831025.938
2025/9/21 0:00,22582243853.27587,172672644912.93002,171937973765.298
2025/9/22 0:00,57148570475.94017,173471597736.29996,172017973864.224
2025/9/23 0:00,49300912617.01271,173660036500.59,172747121547.105
2025/9/24 0:00,50977700590.04898,173969380717.88,173039417062.568
2025/9/25 0:00,73157550309.65701,174109771482.63,173440544667.775
2025/9/26 0:00,62892497373.284966,174356541444.33994,173440544667.775
2025/9/27 0:00,32343714233.987057,174548463072.82004,174190521470.415
2025/9/28 0:00,27824476015.23355,175024413794.65,174372128682.212
2025/9/29 0:00,52566433208.989685,175371873340.57004,174372128681.106
2025/9/30 0:00,54881959484.771034,175493652944.93997,174686735091.151
2025/10/1 0:00,49572280945.110634,176359949328.60995,174921926112.343
2025/10/2 0:00,50239871911.902176,176912004203.00003,175728274234.627
2025/10/3 0:00,48341307591.87908,177489843426.78,176241404874.087
2025/10/4 0:00,28024482623.776165,177722538859.28,176241404874.087
2025/10/5 0:00,27727021629.130352,177684608556.83005,177030700465.631
2025/10/6 0:00,49234441452.101494,178131687821.42,177024150116.513
2025/10/7 0:00,49462039577.58068,178646011961.57996,177420277588.212
2025/10/8 0:00,50470357101.693596,179050175373.88007,177914235131.042
2025/10/9 0:00,52326600751.42211,179320788218.16998,178337643914.669
2025/10/10 0:00,69355416840.3466,180023371322.94998,178658855952.712
2025/10/11 0:00,69456489508.01254,180759385469.51993,179163855952.55
2025/10/12 0:00,37582028167.58971,180666422081.05002,179795529123.307
2025/10/13 0:00,55719626635.88371,180884409302.38004,179775529122.359
2025/10/14 0:00,58612857548.2291,181434762434.69003,180609635564.848
2025/10/15 0:00,59077612395.378784,182155135217.7401,180609635559.663
2025/10/16 0:00,53669205110.97663,182293071914.13995,181329989227.53
2025/10/17 0:00,53275099695.91325,182440644569.69006,181555163317.195
2025/10/18 0:00,28008881507.77226,182639557954.47,181869542480.94
2025/10/19 0:00,26831694855.184273,182673927753.45007,181869542480.94
2025/10/20 0:00,52077942455.954094,182751828230.11,181871082541.747
2025/10/21 0:00,57305258040.63409,183219515835.2699,181952828194.605
2025/10/22 0:00,55824980996.65645,183271665308.97,182414087777.583
2025/10/23 0:00,56245365756.606384,183478807339.12003,182504361789.787
2025/10/24 0:00,47869765054.99231,183927138360.18,182890451789.687
2025/10/25 0:00,24567994101.216717,183898898010.00003,182890451789.687
2025/10/26 0:00,26774975574.613525,183949086048.94006,183169510265.642
2025/10/27 0:00,50515607824.092,183985512343.0101,183169510265.642
2025/10/28 0:00,48694718277.6515,184127026602.29,183227527925.875
2025/10/29 0:00,49838264647.42463,184178484143.69995,183337336972.763
2025/10/30 0:00,60113689283.40529,184222871463.06003,183331496971.577
2025/10/31 0:00,55277525288.51511,184082069887.27002,183399917241.208
2025/11/1 0:00,29031731819.478382,184236149642.43988,183453580925.961
2025/11/2 0:00,24375498945.71516,184253619976.33002,183453580925.961
2025/11/3 0:00,54060173922.36877,184155687961.97,183453580925.961
2025/11/4 0:00,57050631831.10597,184208650662.22998,183430228992.57
2025/11/5 0:00,54773169287.73535,184253891426.97003,183459247850.019
2025/11/6 0:00,47920006274.95343,1.84167E+11,183447967195.508
2025/11/7 0:00,51659248657.55951,184441866853.42,183447967195.508
2025/11/8 0:00,28245300193.541878,184404486726.27002,183451533283.93
2025/11/9 0:00,24243115326.134327,184103496972.31,183470378236.226
2025/11/10 0:00,50059691684.15316,184099300520.09003,183497848870.655
2025/11/11 0:00,43371049311.78398,184045666898.40002,183497848870.655
2025/11/12 0:00,47324152846.88977,184524379858.48987,184044208799.507
2025/11/13 0:00,48309662240.27035,184616046671.60007,184044208799.507
2025/11/14 0:00,50412120270.63523,184621934789.97998,184024212275.565
2025/11/15 0:00,25757963827.779613,184646129336.54,184047962273.139
2025/11/16 0:00,28840141018.2822,184573164813.29004,184040461847.422
2025/11/17 0:00,53042353302.924194,184484979584.27994,184040461847.422
2025/11/18 0:00,53021598561.22691,184458765852.08,183850595477.205
2025/11/19 0:00,50123186161.647896,184397931483.33002,183850595477.205
2025/11/20 0:00,50752672851.44704,185152187414.17,184784401260.311
2025/11/21 0:00,55789991864.301765,185163549416.24994,184784401260.311
2025/11/22 0:00,23995361369.135986,185047241170.46005,184589991047.381
2025/11/23 0:00,21250264845.458744,184986094131.64996,184494991046.926
2025/11/24 0:00,45851806649.932945,185131649987.92,184400433039.796
2025/11/25 0:00,45335362875.30941,185100228573.58,184533723761.773
2025/11/26 0:00,43373920237.71373,185195689199.74008,184566477915.182
2025/11/27 0:00,41184186727.0026,185200051729.15994,184566477905.181
2025/11/28 0:00,48401007699.217026,185295061596.44003,184617105483.983
2025/11/29 0:00,24268689078.310616,185298860844.24002,184617105483.983
2025/11/30 0:00,20101014767.503216,185271679299.85,184605105440.053
2025/12/1 0:00,53661927101.79632,185227396960.1099,184586487655.544
2025/12/2 0:00,48745310465.117004,185357794184.90002,184586487655.544
2025/12/3 0:00,50921532347.01851,185939507884.91003,185302189889.753
2025/12/4 0:00,43102911145.38224,186127622594.01,185516177143.142
2025/12/5 0:00,44031599999.517685,186259858440.86002,185516177143.142
2025/12/6 0:00,21726692028.9331,186265862009.18005,185632101181.928
2025/12/7 0:00,17562751301.35843,186270104815.55997,185647211175.381
2025/12/8 0:00,46873647389.72911,185831287363.46002,185647211175.381
2025/12/9 0:00,54818707078.71272,186030484297.97,185720807124.903
2025/12/10 0:00,50592293261.459785,186078426864.35004,186052440682.447
2025/12/11 0:00,51813128325.56497,184590329226.11996,186150733914.48
2025/12/12 0:00,41626792963.602844,186258893001.42,186213681625.792
2025/12/13 0:00,21317712439.04457,186267874811.74008,186213681625.792
2025/12/14 0:00,20408042060.444084,186273104596.14005,186251181624.373
2025/12/15 0:00,48301784740.05973,186070515455.99,186251181624.373
2025/12/16 0:00,44273345441.21651,186568273216.36002,186326391951.464
2025/12/17 0:00,45362455766.824135,186594164280.50003,186319891936.828
2025/12/18 0:00,45443486740.96308,1.86536E+11,186274641914.13
2025/12/19 0:00,43679075752.352844,186539909079.40994,186324255261.434
2025/12/20 0:00,22867242950.413673,186873881396.31998,186824255260.003
2025/12/21 0:00,18447569252.219845,186832307438.91995,186824255259.194
2025/12/22 0:00,44181456625.8953,186900744645.88995,186906835256.838
2025/12/23 0:00,44044285472.745094,186883909273.39005,186915840270.901
2025/12/24 0:00,41544457330.454704,1.86907E+11,186890051108.87
2025/12/25 0:00,26308417718.992424,186784042261.25003,186890051108.87
2025/12/26 0:00,34309479714.949863,186543926508.07996,186878783369.721
2025/12/27 0:00,22574780896.376556,186531352128.64,1.86827E+11
2025/12/28 0:00,18027438837.868095,186518990417.21005,1.86827E+11
2025/12/29 0:00,49701129074.5718,186898155387.93002,186826783367.117
2025/12/30 0:00,48372573949.10868,186544123107.35004,187337899591.344
2025/12/31 0:00,37643727620.42455,186445260630.36,187337899591.344
2026/1/1 0:00,23387004495.505733,186540517155.90997,187105543452.262
2026/1/2 0:00,36548053993.733345,186695681711.90002,187101343451.701
2026/1/3 0:00,21599039997.949566,186733273822.13995,187110343448.64
2026/1/4 0:00,21558906775.79559,186744421644.22995,187110343446.03
2026/1/5 0:00,42329429396.8018,186842214113.12994,187110343446.03
2026/1/6 0:00,42741356919.699554,186734904641.40994,187094392440.703
2026/1/7 0:00,39481516309.48993,1.86626E+11,187094392440.703
2026/1/8 0:00,42398394422.942924,186582925010.44992,187095381424.37
2026/1/9 0:00,41648626937.35762,186409444706.08987,187058832046.037
2026/1/10 0:00,21780123480.556473,186480017281.82004,186966394639.431
2026/1/11 0:00,18105504444.50598,186455512441.42004,186966394629.11
2026/1/12 0:00,45847126131.55907,186457675335.62994,186933340811.117
2026/1/13 0:00,49698142551.57044,1.86476E+11,186848398790.435
2026/1/14 0:00,49227068190.38509,186604105799.95007,186848398790.435
2026/1/15 0:00,47531788415.61132,186685184433.06,186866822414.565
2026/1/16 0:00,45288819109.16614,186681276905.25003,186866822414.565
2026/1/17 0:00,22257740989.1187,186687700696.24997,186866822414.565
2026/1/18 0:00,17669225762.797237,186681109250.99002,186994926138.212
2026/1/19 0:00,42480050385.43784,186831192928.87006,187003037226.893
2026/1/20 0:00,56575028926.94771,186758581383.03998,187016088560.424
2026/1/21 0:00,53076422513.62283,186711994495.44,187016088560.424
2026/1/22 0:00,49002418374.55342,186689930660.48007,186917302715.804
2026/1/23 0:00,50341355862.498375,186612931689.91998,186901333653.422
2026/1/24 0:00,25630698232.95704,186575522117.83987,186901333650.812
2026/1/25 0:00,23396799419.180706,186625408697.08994,186901333650.812
2026/1/26 0:00,45366268244.58489,186297746398.98,186535402256.65
2026/1/27 0:00,43232393984.5287,186185636640.21,186535402256.65
2026/1/28 0:00,46208253248.82316,186068776571.09,186333906199.586
2026/1/29 0:00,49409374578.64815,185586266637.4699,185847726235.769
2026/1/30 0:00,52196626718.670975,185351776466.58,185847726235.769
2026/1/31 0:00,33858540411.002594,1.85203E+11,185373050610.502
2026/2/1 0:00,27453645999.094315,185169956582.65002,185373050610.502
2026/2/2 0:00,51859700771.58147,185132071320.52008,185353670778.641
2026/2/3 0:00,52211764593.034874,185290944554.68005,185353670778.641
2026/2/4 0:00,52374632029.258514,185244624416.59995,185716038614.827
2026/2/5 0:00,66655691397.60665,184826535519.1599,185716038614.827
2026/2/6 0:00,66186111005.70611,184597573289.24002,185716038614.827
2026/2/7 0:00,34165059629.646988,184559339038.33997,185716038614.827
2026/2/8 0:00,21503842779.01365,184492423904.44992,184572997654.363
2026/2/9 0:00,44292012089.60643,184622753964.02,184517936950.033
2026/2/10 0:00,45272746057.91956,184466248762.65994,184394018025.361
2026/2/11 0:00,45539933631.79129,184015354361.03995,184021084709.799
2026/2/12 0:00,43170325237.4816,183886155443.54007,184021084709.799
2026/2/13 0:00,42691304182.73068,183875119029.13992,183816960128.683
2026/2/14 0:00,24907274000.24731,183827082049.47,183816960128.683
2026/2/15 0:00,21804723885.699028,183834871337.44003,183777810128.303
2026/2/16 0:00,28155189186.402565,183811192460.14,183751887997.07
2026/2/17 0:00,26937942323.07343,183784034256.35,183751887997.07
2026/2/18 0:00,28456988098.122517,183699751457.99,183741872457.641
2026/2/19 0:00,31561521683.053787,183727821427.72,183738738454.915
2026/2/20 0:00,38268490669.363716,183686271121.78003,183738738454.915
2026/2/21 0:00,18951052450.1302,182587859073.19998,183738738454.915
2026/2/22 0:00,16827502218.728031,183471567926.6299,183624238441.843
2026/2/23 0:00,39835092125.351105,183253108449.0399,183624238441.843
2026/2/24 0:00,44232209573.31604,183323647796.9999,183624238441.843
2026/2/25 0:00,44637427869.24919,183340706382.47006,183624238441.843
2026/2/26 0:00,39387243387.60655,183384817167.80002,183542273495.793
2026/2/27 0:00,38426507087.357735,183302775728.99,183549673295.268
2026/2/28 0:00,34870476353.880424,183431073794.4999,183582573266.901
2026/3/1 0:00,21728270166.693413,183419952661.56,183633868264.826
2026/3/2 0:00,48572137469.46352,183513062748.55,183633868264.826
2026/3/3 0:00,48930855529.45424,183539527491.44,183732421761.098
2026/3/4 0:00,55693562644.08891,183888677695.0601,183712671632.738
2026/3/5 0:00,52859394791.76382,184045255217.89996,184041820858.243
2026/3/6 0:00,47117905049.391556,184069081868.21,183970396058.481
2026/3/7 0:00,22976605256.719204,183958093595.06006,183970396057.15
2026/3/8 0:00,26997878086.302086,183898672201.51,183909539098.507
2026/3/9 0:00,47107605840.54924,183921951526.20004,183909539098.507
2026/3/10 0:00,50509362792.67549,183838544626.78998,183925419614.013
2026/3/11 0:00,44979138689.11583,184089241300.11,183959901909.336
2026/3/12 0:00,47803814979.58702,184098912315.88,183990520696.008
2026/3/13 0:00,47796692314.680595,184161029702.10004,184012318237.93
2026/3/14 0:00,23306919844.00544,184196188966.13998,184032318235.762
2026/3/15 0:00,24682041846.602776,184206486952.17,184032318234.995
2026/3/16 0:00,47174040781.564865,184174686739.07,184070904426.621
2026/3/17 0:00,42960550026.90735,184149594439.17007,184092103149.706
2026/3/18 0:00,44019449947.22169,184209538720.90002,184092103149.706
2026/3/19 0:00,37569897351.97774,184177467987.91998,184092103149.706
2026/3/20 0:00,38280830458.661644,184126235530.11002,184182287830.095
2026/3/21 0:00,18611395395.031517,184172140619.86,184182287830.095
2026/3/22 0:00,26771319358.62215,184122112816.6401,184182287830.095
2026/3/23 0:00,44890316949.702324,184123170178.88004,184183336594.907
2026/3/24 0:00,42344500317.96513,184128713317.83997,184228518668.298
2026/3/25 0:00,38657377293.95328,184120550806.62997,184216554250.097
2026/3/26 0:00,40566031061.877495,184090810079.63992,184216554250.097
2026/3/27 0:00,40909880907.58155,184080019486.44,184216554250.097
2026/3/28 0:00,19488872232.365788,184081947452.91998,184216554250.097
2026/3/29 0:00,17440588987.496452,184081087934.55997,184216554250.097
2026/3/30 0:00,40669533154.869286,184082480478.56,184222004209.078
