date,defi_tvl,eth_gas_usd
2024-01-01,52599714575.0,9997823.0
2024-01-02,54770861270.0,19421415.0
2024-01-03,54630763766.0,15881126.0
2024-01-04,52079923354.0,12942316.0
2024-01-05,53606835381.0,9688428.0
2024-01-06,53202448825.0,9203172.0
2024-01-07,52762612008.0,8756381.0
2024-01-08,52050778304.0,12293211.0
2024-01-09,54048592936.0,15723943.0
2024-01-10,54184013250.0,13732359.0
2024-01-11,57362518301.0,12364164.0
2024-01-12,57743866790.0,13177184.0
2024-01-13,55542313385.0,9075474.0
2024-01-14,56361177709.0,8795395.0
2024-01-15,55601751304.0,13025098.0
2024-01-16,55870487201.0,11154918.0
2024-01-17,56676991770.0,9947583.0
2024-01-18,56009287142.0,11637864.0
2024-01-19,54894190080.0,13519615.0
2024-01-20,55068626767.0,8410246.0
2024-01-21,55046829134.0,7927125.0
2024-01-22,54884414103.0,9614709.0
2024-01-23,52885902872.0,10286873.0
2024-01-24,52263235883.0,8548741.0
2024-01-25,52452758697.0,9846266.0
2024-01-26,52462851418.0,9560765.0
2024-01-27,53815645931.0,7504393.0
2024-01-28,54055575795.0,6637760.0
2024-01-29,54006439172.0,9135156.0
2024-01-30,55171857135.0,12425653.0
2024-01-31,55004372066.0,14367614.0
2024-02-01,53880057079.0,15649305.0
2024-02-02,54673230224.0,15310674.0
2024-02-03,54998427742.0,8644692.0
2024-02-04,54525686746.0,10727961.0
2024-02-05,54436885977.0,7270059.0
2024-02-06,55916036702.0,16008509.0
2024-02-07,57636920645.0,25410575.0
2024-02-08,59003999306.0,12062180.0
2024-02-09,60099723396.0,33713360.0
2024-02-10,61971527412.0,21564902.0
2024-02-11,62191699395.0,10576193.0
2024-02-12,62401551519.0,13076373.0
2024-02-13,64893400641.0,27329075.0
2024-02-14,64407526639.0,12165563.0
2024-02-15,67117428799.0,14911790.0
2024-02-16,67265246672.0,11127991.0
2024-02-17,66955354323.0,9798922.0
2024-02-18,66940306489.0,10430203.0
2024-02-19,68557781475.0,12108299.0
2024-02-20,69730820956.0,12952262.0
2024-02-21,70331792161.0,12277859.0
2024-02-22,69691875438.0,12531497.0
2024-02-23,69800002130.0,12177332.0
2024-02-24,68848255791.0,11315140.0
2024-02-25,70131613967.0,10610175.0
2024-02-26,71654786701.0,44652020.0
2024-02-27,73835055076.0,16539257.0
2024-02-28,75309392951.0,17125124.0
2024-02-29,78455902300.0,25921223.0
2024-03-01,78150848990.0,17703647.0
2024-03-02,80503479475.0,16125243.0
2024-03-03,80557951007.0,14611468.0
2024-03-04,82037004200.0,40322887.0
2024-03-05,84503105758.0,34545299.0
2024-03-06,82296587942.0,23781197.0
2024-03-07,87585151041.0,26144384.0
2024-03-08,88396656217.0,19858758.0
2024-03-09,89808029443.0,16214968.0
2024-03-10,90407579937.0,18131210.0
2024-03-11,90297170587.0,21524264.0
2024-03-12,94341660758.0,17497235.0
2024-03-13,92790659674.0,18482945.0
2024-03-14,94215586066.0,21687863.0
2024-03-15,92174518863.0,20585783.0
2024-03-16,89921151876.0,16179065.0
2024-03-17,85408588432.0,15594329.0
2024-03-18,88389246707.0,15950581.0
2024-03-19,86106524275.0,18898949.0
2024-03-20,79425003979.0,14248964.0
2024-03-21,87085437470.0,17208667.0
2024-03-22,86296548264.0,15560345.0
2024-03-23,83653745140.0,12980952.0
2024-03-24,84860848648.0,12399765.0
2024-03-25,87455020217.0,15689658.0
2024-03-26,90906167787.0,15465681.0
2024-03-27,91039483014.0,15876563.0
2024-03-28,89663067723.0,17788582.0
2024-03-29,91382912082.0,13917361.0
2024-03-30,90752845587.0,12723340.0
2024-03-31,90694121103.0,13666329.0
2024-04-01,92982875575.0,15172343.0
2024-04-02,90678595764.0,16300262.0
2024-04-03,86504560072.0,15607744.0
2024-04-04,87280832126.0,24128707.0
2024-04-05,87977029148.0,14280178.0
2024-04-06,87804152509.0,11930666.0
2024-04-07,88814703575.0,12742091.0
2024-04-08,90157078675.0,16213384.0
2024-04-09,95073262309.0,14698237.0
2024-04-10,91934732778.0,14605781.0
2024-04-11,92852888723.0,18614208.0
2024-04-12,93400399073.0,18649309.0
2024-04-13,85840247649.0,24129717.0
2024-04-14,79054320677.0,15792356.0
2024-04-15,83495942601.0,15237300.0
2024-04-16,83179677138.0,13313387.0
2024-04-17,82242204682.0,12224656.0
2024-04-18,80573424981.0,14377437.0
2024-04-19,82545224597.0,12957792.0
2024-04-20,83295104126.0,11254897.0
2024-04-21,85639865494.0,11039790.0
2024-04-22,85839692207.0,12402359.0
2024-04-23,87249194466.0,11754745.0
2024-04-24,87759369638.0,16189503.0
2024-04-25,85285709689.0,12769034.0
2024-04-26,85906344588.0,10377162.0
2024-04-27,85037472457.0,10252839.0
2024-04-28,87029704235.0,10453212.0
2024-04-29,87359662166.0,10932450.0
2024-04-30,85680801306.0,12087622.0
2024-05-01,81150985829.0,11699365.0
2024-05-02,81036171929.0,12452802.0
2024-05-03,82275396227.0,10671536.0
2024-05-04,85553291950.0,9102196.0
2024-05-05,86248536216.0,9069987.0
2024-05-06,86908545306.0,9984623.0
2024-05-07,85544357409.0,9524021.0
2024-05-08,84475188824.0,10087950.0
2024-05-09,82884111888.0,11842612.0
2024-05-10,84462054896.0,9306220.0
2024-05-11,82184702130.0,7500551.0
2024-05-12,82475206654.0,7357400.0
2024-05-13,82878833925.0,11430655.0
2024-05-14,82974367655.0,10673233.0
2024-05-15,81527561855.0,10662674.0
2024-05-16,85239457951.0,13067683.0
2024-05-17,84431226394.0,10008352.0
2024-05-18,87393915627.0,8739989.0
2024-05-19,88021021606.0,8835252.0
2024-05-20,87099903919.0,16671080.0
2024-05-21,96900164260.0,17589410.0
2024-05-22,98480530893.0,14598373.0
2024-05-23,98743359408.0,23910984.0
2024-05-24,98021042010.0,15993815.0
2024-05-25,97992164878.0,12100785.0
2024-05-26,98554101584.0,11954625.0
2024-05-27,100099704125.0,14819136.0
2024-05-28,100708161706.0,15651398.0
2024-05-29,99678845262.0,14814470.0
2024-05-30,98374853938.0,21896134.0
2024-05-31,98213575802.0,15496442.0
2024-06-01,99033553379.0,13029994.0
2024-06-02,99842540888.0,13045366.0
2024-06-03,99528329401.0,14365965.0
2024-06-04,99384264464.0,13468922.0
2024-06-05,100935854801.0,15847179.0
2024-06-06,102155428964.0,24119083.0
2024-06-07,101396038064.0,16175135.0
2024-06-08,98852928185.0,13146256.0
2024-06-09,98285470268.0,12530981.0
2024-06-10,98719314745.0,17333412.0
2024-06-11,97260944564.0,14831173.0
2024-06-12,94675769768.0,14154191.0
2024-06-13,96267010617.0,21258854.0
2024-06-14,94393158200.0,13352219.0
2024-06-15,94024633117.0,10424812.0
2024-06-16,95339320514.0,10306652.0
2024-06-17,96153736090.0,11987648.0
2024-06-18,94014556259.0,13014781.0
2024-06-19,92888997298.0,11850597.0
2024-06-20,93921624552.0,15834369.0
2024-06-21,92602338173.0,11157190.0
2024-06-22,92464538818.0,10118703.0
2024-06-23,92691848534.0,9560858.0
2024-06-24,90797694136.0,12236657.0
2024-06-25,88979087944.0,10824488.0
2024-06-26,90641146677.0,10333024.0
2024-06-27,89913082564.0,14080069.0
2024-06-28,90960158247.0,11098744.0
2024-06-29,89181110209.0,8503029.0
2024-06-30,89435995612.0,9453033.0
2024-07-01,91112037570.0,11029140.0
2024-07-02,91637903515.0,10276755.0
2024-07-03,90653624785.0,11716704.0
2024-07-04,88129774999.0,17094887.0
2024-07-05,83797477676.0,16651248.0
2024-07-06,82208088096.0,8648001.0
2024-07-07,83355544594.0,7923604.0
2024-07-08,80741372841.0,10477833.0
2024-07-09,82778186577.0,9602324.0
2024-07-10,83867347870.0,10470745.0
2024-07-11,84542556772.0,12522458.0
2024-07-12,84692387434.0,10876588.0
2024-07-13,85177276573.0,8434679.0
2024-07-14,86428480160.0,9412118.0
2024-07-15,88759541569.0,11484022.0
2024-07-16,91832387004.0,12386994.0
2024-07-17,92677719166.0,12687086.0
2024-07-18,91917033163.0,17317152.0
2024-07-19,91771466398.0,11581319.0
2024-07-20,94386395328.0,10721808.0
2024-07-21,94854512418.0,10383345.0
2024-07-22,95353967096.0,12660928.0
2024-07-23,94445058704.0,11462048.0
2024-07-24,94271189613.0,10516787.0
2024-07-25,91390757983.0,15018085.0
2024-07-26,89835546442.0,10063564.0
2024-07-27,92329035795.0,9655861.0
2024-07-28,92593798906.0,8971391.0
2024-07-29,92750149611.0,10215127.0
2024-07-30,93492717123.0,10415508.0
2024-07-31,92073828607.0,11328738.0
2024-08-01,90434982951.0,16416262.0
2024-08-02,89449384316.0,11245130.0
2024-08-03,85169159190.0,10248219.0
2024-08-04,82895929733.0,12030352.0
2024-08-05,77106318386.0,51903103.0
2024-08-06,72894319850.0,9547383.0
2024-08-07,75274538496.0,9983182.0
2024-08-08,73008461485.0,10720874.0
2024-08-09,78754485076.0,9211827.0
2024-08-10,78998508376.0,7259267.0
2024-08-11,79383567652.0,7618310.0
2024-08-12,77349541678.0,9061577.0
2024-08-13,79084140271.0,8850496.0
2024-08-14,80602961112.0,8622822.0
2024-08-15,78776841956.0,10130996.0
2024-08-16,77827343186.0,7585170.0
2024-08-17,78780286925.0,6850114.0
2024-08-18,79041394374.0,6542023.0
2024-08-19,79666286378.0,7156463.0
2024-08-20,79650300726.0,8254414.0
2024-08-21,79450717836.0,10253241.0
2024-08-22,80992940076.0,10961442.0
2024-08-23,80707369098.0,7587443.0
2024-08-24,84762478378.0,7563971.0
2024-08-25,84438870086.0,6748247.0
2024-08-26,84868324204.0,7967528.0
2024-08-27,82813815983.0,7921021.0
2024-08-28,77987800187.0,9055051.0
2024-08-29,78449943070.0,8681479.0
2024-08-30,78478605200.0,7068975.0
2024-08-31,78326102419.0,6488064.0
2024-09-01,78109697502.0,6370312.0
2024-09-02,76421122870.0,7120996.0
2024-09-03,78514075680.0,7927016.0
2024-09-04,76514582841.0,8729648.0
2024-09-05,77280660697.0,9186176.0
2024-09-06,75692205329.0,10123488.0
2024-09-07,72230583058.0,7747334.0
2024-09-08,73510723884.0,6566271.0
2024-09-09,74419522811.0,8174297.0
2024-09-10,76492032894.0,9688850.0
2024-09-11,76989061024.0,8334380.0
2024-09-12,76462249149.0,8979470.0
2024-09-13,77189491514.0,7440400.0
2024-09-14,79706626854.0,6909926.0
2024-09-15,79003284089.0,6609788.0
2024-09-16,77581543405.0,8799916.0
2024-09-17,75807617517.0,8772567.0
2024-09-18,77491290012.0,9201272.0
2024-09-19,77500859088.0,11795728.0
2024-09-20,80389329914.0,11379529.0
2024-09-21,82390838281.0,10483692.0
2024-09-22,82995139374.0,9197271.0
2024-09-23,82336380417.0,10704107.0
2024-09-24,84179781173.0,11061162.0
2024-09-25,84844698630.0,11071990.0
2024-09-26,83301555353.0,13981452.0
2024-09-27,85394448835.0,11543914.0
2024-09-28,86527120380.0,18633231.0
2024-09-29,85981815444.0,9052301.0
2024-09-30,86027204236.0,9913721.0
2024-10-01,84293213979.0,11757672.0
2024-10-02,81030755483.0,10361432.0
2024-10-03,78705531626.0,11912474.0
2024-10-04,78442095644.0,10203759.0
2024-10-05,80403859439.0,8576956.0
2024-10-06,80101594225.0,12953671.0
2024-10-07,79643811871.0,11778175.0
2024-10-08,80154367288.0,11621765.0
2024-10-09,79334834055.0,11584179.0
2024-10-10,77751119435.0,12254804.0
2024-10-11,77611111928.0,10697715.0
2024-10-12,80318488316.0,10146767.0
2024-10-13,81372509192.0,10222746.0
2024-10-14,81102873649.0,11765370.0
2024-10-15,84641159638.0,23858819.0
2024-10-16,83674512191.0,15241779.0
2024-10-17,83618686523.0,14752888.0
2024-10-18,82404898978.0,23477284.0
2024-10-19,83182694776.0,10096525.0
2024-10-20,83242004713.0,9592018.0
2024-10-21,85298290241.0,12321746.0
2024-10-22,85412554438.0,11833602.0
2024-10-23,85408729398.0,10914097.0
2024-10-24,83392471485.0,15203105.0
2024-10-25,84762108489.0,11570107.0
2024-10-26,82456814907.0,10487324.0
2024-10-27,82768210684.0,8260096.0
2024-10-28,82856978559.0,10502378.0
2024-10-29,84319480256.0,13305052.0
2024-10-30,86291850998.0,13667243.0
2024-10-31,86745503038.0,15427940.0
2024-11-01,83716326082.0,11233196.0
2024-11-02,83598893536.0,18199791.0
2024-11-03,83130417027.0,9677753.0
2024-11-04,82455114485.0,13801985.0
2024-11-05,80645860071.0,13925849.0
2024-11-06,82392802667.0,16759043.0
2024-11-07,89525182859.0,21753888.0
2024-11-08,92266891356.0,20041485.0
2024-11-09,93625909768.0,19717628.0
2024-11-10,96698487531.0,15516620.0
2024-11-11,99246448077.0,18241645.0
2024-11-12,103871253496.0,21020841.0
2024-11-13,103354129244.0,23623647.0
2024-11-14,101949288801.0,25980182.0
2024-11-15,99465218210.0,13533712.0
2024-11-16,101617048820.0,12198861.0
2024-11-17,102588915960.0,11202000.0
2024-11-18,102093386424.0,16969179.0
2024-11-19,104632558338.0,16143795.0
2024-11-20,103364459671.0,18791758.0
2024-11-21,103070536406.0,27836201.0
2024-11-22,109829667108.0,19602481.0
2024-11-23,110291651418.0,19399810.0
2024-11-24,112030553204.0,15922218.0
2024-11-25,111596085642.0,17371609.0
2024-11-26,110082795418.0,19450934.0
2024-11-27,108593779331.0,18597236.0
2024-11-28,117012599067.0,34326643.0
2024-11-29,115818066346.0,15688255.0
2024-11-30,117523908641.0,15436397.0
2024-12-01,119835468205.0,16729636.0
2024-12-02,120292430388.0,22311722.0
2024-12-03,118691859588.0,23168501.0
2024-12-04,126837718557.0,22954366.0
2024-12-05,125517643572.0,44626123.0
2024-12-06,124468460005.0,25441885.0
2024-12-07,129729745875.0,18658094.0
2024-12-08,129960818432.0,18015918.0
2024-12-09,129832802877.0,27148957.0
2024-12-10,120183273039.0,25632237.0
2024-12-11,120159575163.0,22180387.0
2024-12-12,126774110120.0,47678215.0
2024-12-13,127999258758.0,19699681.0
2024-12-14,129032544928.0,17595481.0
2024-12-15,128084481824.0,18028501.0
2024-12-16,131005571018.0,21575050.0
2024-12-17,133218746095.0,19849443.0
2024-12-18,130454179893.0,24956209.0
2024-12-19,123741444794.0,35712475.0
2024-12-20,117790699246.0,22492634.0
2024-12-21,118048061309.0,19053791.0
2024-12-22,114703757724.0,15392022.0
2024-12-23,113918453006.0,19082992.0
2024-12-24,117612725882.0,18938002.0
2024-12-25,120730108084.0,15268071.0
2024-12-26,120720227601.0,25343400.0
2024-12-27,116423045931.0,20298082.0
2024-12-28,116040869145.0,14343254.0
2024-12-29,118343999074.0,14786647.0
2024-12-30,116771230550.0,18403638.0
2024-12-31,116006124119.0,18553710.0
2025-01-01,115538955657.0,17425363.0
2025-01-02,117260699934.0,26087386.0
2025-01-03,120046963112.0,18021850.0
2025-01-04,124255039725.0,16265792.0
2025-01-05,125509086248.0,15839125.0
2025-01-06,125192195062.0,19452416.0
2025-01-07,126823960055.0,24068631.0
2025-01-08,118598809904.0,23973006.0
2025-01-09,116779309000.0,29010203.0
2025-01-10,113711117951.0,18251398.0
2025-01-11,115979577555.0,18307917.0
2025-01-12,116525386475.0,14561501.0
2025-01-13,115385694531.0,19651366.0
2025-01-14,112932375580.0,16161760.0
2025-01-15,116130986137.0,17888596.0
2025-01-16,122282964907.0,25081050.0
2025-01-17,120006409091.0,17124962.0
2025-01-18,125019270394.0,18402821.0
2025-01-19,121996324627.0,23104408.0
2025-01-20,119241451926.0,25756590.0
2025-01-21,120176924321.0,20345235.0
2025-01-22,122959505520.0,21702262.0
2025-01-23,121721535270.0,30481163.0
2025-01-24,122739239779.0,21400765.0
2025-01-25,122424323007.0,14870702.0
2025-01-26,123302001697.0,14766641.0
2025-01-27,121111538674.0,19681005.0
2025-01-28,117851128121.0,17087873.0
2025-01-29,115567294190.0,16253776.0
2025-01-30,117660408249.0,28438446.0
2025-01-31,120868311049.0,16409607.0
2025-02-01,119794842398.0,13649781.0
2025-02-02,115270117333.0,18230854.0
2025-02-03,106934043732.0,58869705.0
2025-02-04,109784229073.0,18823416.0
2025-02-05,106060943106.0,16247382.0
2025-02-06,106822694550.0,20992244.0
2025-02-07,106492986855.0,13894506.0
2025-02-08,106043290050.0,11067175.0
2025-02-09,106821583316.0,11753618.0
2025-02-10,106852727357.0,13154757.0
2025-02-11,108392126716.0,13170044.0
2025-02-12,107083667803.0,15218445.0
2025-02-13,110836012129.0,20129440.0
2025-02-14,109375378614.0,12883602.0
2025-02-15,110362536479.0,10615587.0
2025-02-16,109906722634.0,10674198.0
2025-02-17,109004761967.0,16137247.0
2025-02-18,108835329214.0,15022948.0
2025-02-19,107130125066.0,13504403.0
2025-02-20,109021026496.0,20407765.0
2025-02-21,110359873537.0,15162092.0
2025-02-22,106978306862.0,12101397.0
2025-02-23,109050575251.0,14989106.0
2025-02-24,110348030171.0,16310033.0
2025-02-25,102526148056.0,23012235.0
2025-02-26,100715070805.0,16603140.0
2025-02-27,96064324819.0,21787161.0
2025-02-28,95832172182.0,21265842.0
2025-03-01,96141914529.0,10683047.0
2025-03-02,96524193243.0,16115050.0
2025-03-03,104754813568.0,15631206.0
2025-03-04,94681387104.0,17642461.0
2025-03-05,95192174131.0,13304981.0
2025-03-06,98213316579.0,17106615.0
2025-03-07,95921008240.0,13456730.0
2025-03-08,95332045396.0,10733436.0
2025-03-09,95927862913.0,12825804.0
2025-03-10,90293703448.0,22765061.0
2025-03-11,86436584040.0,18008966.0
2025-03-12,89012950993.0,12842871.0
2025-03-13,89396485376.0,14095493.0
2025-03-14,88701860809.0,10652856.0
2025-03-15,90939405196.0,8537115.0
2025-03-16,92152447526.0,1572185.0
2025-03-17,90406432364.0,17119482.0
2025-03-18,91795821765.0,9571023.0
2025-03-19,91786330423.0,11654295.0
2025-03-20,94541079114.0,12987684.0
2025-03-21,92118080751.0,9387202.0
2025-03-22,92003593704.0,7632708.0
2025-03-23,92654132140.0,7762951.0
2025-03-24,94312082325.0,9562812.0
2025-03-25,97582596303.0,9050683.0
2025-03-26,98437952280.0,11551020.0
2025-03-27,97111049277.0,14425841.0
2025-03-28,96748896160.0,10158817.0
2025-03-29,92901229215.0,8741324.0
2025-03-30,90716753605.0,8624301.0
2025-03-31,89486558004.0,11152474.0
2025-04-01,91576533700.0,10243019.0
2025-04-02,93296196731.0,10685268.0
2025-04-03,90546579358.0,14448761.0
2025-04-04,91303000849.0,13057176.0
2025-04-05,91822250396.0,8210207.0
2025-04-06,91442335017.0,18649904.0
2025-04-07,84645560446.0,28345820.0
2025-04-08,84238462647.0,11131529.0
2025-04-09,81951096948.0,13665453.0
2025-04-10,87686686069.0,13760869.0
2025-04-11,84167909058.0,10897505.0
2025-04-12,85829055232.0,8598670.0
2025-04-13,88034454008.0,9420005.0
2025-04-14,87177854531.0,10044236.0
2025-04-15,87248543317.0,8753248.0
2025-04-16,86840247162.0,8184863.0
2025-04-17,85947998169.0,10533691.0
2025-04-18,86186154992.0,7197983.0
2025-04-19,85730775285.0,6736929.0
2025-04-20,87026768035.0,6790165.0
2025-04-21,86669565209.0,8769674.0
2025-04-22,86037443816.0,11145296.0
2025-04-23,91565301101.0,11524528.0
2025-04-24,92831747005.0,12174330.0
2025-04-25,93766914739.0,9859378.0
2025-04-26,95941999555.0,7666695.0
2025-04-27,97006191583.0,7576485.0
2025-04-28,96288906619.0,9615409.0
2025-04-29,96840474004.0,9052884.0
2025-04-30,96130201946.0,9161162.0
2025-05-01,96005324559.0,12403485.0
2025-05-02,97927758111.0,8222875.0
2025-05-03,98499903864.0,7417234.0
2025-05-04,97924344072.0,7623818.0
2025-05-05,96949186848.0,9418017.0
2025-05-06,96530036791.0,8787979.0
2025-05-07,96545774257.0,9195479.0
2025-05-08,95618452596.0,15411729.0
2025-05-09,105420732664.0,15516784.0
2025-05-10,108411999911.0,12699889.0
2025-05-11,114479370725.0,13423011.0
2025-05-12,113078770795.0,14663810.0
2025-05-13,111208453643.0,13726078.0
2025-05-14,115531810939.0,14627265.0
2025-05-15,112761220419.0,18488157.0
2025-05-16,110679735558.0,12525812.0
2025-05-17,110738800914.0,10353524.0
2025-05-18,109596796202.0,11732413.0
2025-05-19,110413227467.0,13544747.0
2025-05-20,111539971637.0,12558144.0
2025-05-21,112290119912.0,14802657.0
2025-05-22,114274759360.0,19943106.0
2025-05-23,116517038691.0,14911319.0
2025-05-24,111938844579.0,10501566.0
2025-05-25,112119150477.0,10415747.0
2025-05-26,113292844686.0,11061753.0
2025-05-27,114077804428.0,15021670.0
2025-05-28,115960296781.0,13210206.0
2025-05-29,115608768696.0,21343722.0
2025-05-30,113024937509.0,13635737.0
2025-05-31,109984566878.0,10612534.0
2025-06-01,110171396429.0,10451925.0
2025-06-02,110870749588.0,12329234.0
2025-06-03,110374502891.0,12488417.0
2025-06-04,109778310672.0,13579275.0
2025-06-05,109796231940.0,20465173.0
2025-06-06,104889816032.0,12344385.0
2025-06-07,107216506969.0,10340307.0
2025-06-08,108880072668.0,9509040.0
2025-06-09,108764605605.0,14354716.0
2025-06-10,113021026818.0,15835681.0
2025-06-11,116278767796.0,14424002.0
2025-06-12,115489425116.0,19655981.0
2025-06-13,109837076421.0,15710587.0
2025-06-14,109861444990.0,11058571.0
2025-06-15,108862772933.0,9790831.0
2025-06-16,109198365616.0,12921047.0
2025-06-17,111453703094.0,14184948.0
2025-06-18,109751167751.0,12251169.0
2025-06-19,110150807115.0,17311929.0
2025-06-20,110159772557.0,14371694.0
2025-06-21,106735802221.0,12325743.0
2025-06-22,103493723286.0,13297352.0
2025-06-23,100984104023.0,14428504.0
2025-06-24,106986475112.0,13028420.0
2025-06-25,108642464619.0,12929864.0
2025-06-26,108475808941.0,16984161.0
2025-06-27,107185133801.0,11336232.0
2025-06-28,107629218347.0,10022913.0
2025-06-29,109230286665.0,10128224.0
2025-06-30,110827593172.0,12092947.0
2025-07-01,110415246358.0,11143482.0
2025-07-02,108230511677.0,13087054.0
2025-07-03,112019427480.0,15298513.0
2025-07-04,113558813285.0,10866060.0
2025-07-05,111315003862.0,10368706.0
2025-07-06,111875250437.0,10598009.0
2025-07-07,113313880867.0,12520500.0
2025-07-08,112257001577.0,12561517.0
2025-07-09,114182885485.0,14565635.0
2025-07-10,118090275283.0,20666110.0
2025-07-11,122874996945.0,17214618.0
2025-07-12,123340087826.0,13230726.0
2025-07-13,123076800943.0,12815456.0
2025-07-14,124455433459.0,16746856.0
2025-07-15,124899448975.0,16981358.0
2025-07-16,126552462146.0,17894230.0
2025-07-17,130147552594.0,25692112.0
2025-07-18,132263534608.0,20598847.0
2025-07-19,133753122213.0,15072830.0
2025-07-20,134735401077.0,18287922.0
2025-07-21,138495026766.0,19896604.0
2025-07-22,138451609104.0,19930309.0
2025-07-23,139921180165.0,17890801.0
2025-07-24,136492249496.0,28781653.0
2025-07-25,135986757160.0,18874782.0
2025-07-26,137912589612.0,14363886.0
2025-07-27,138714658964.0,15653307.0
2025-07-28,142440808027.0,18230625.0
2025-07-29,139404950551.0,18755263.0
2025-07-30,139031702691.0,19438104.0
2025-07-31,138823024644.0,32735128.0
2025-08-01,135864023247.0,18137236.0
2025-08-02,130819250718.0,14908598.0
2025-08-03,128502369892.0,14658887.0
2025-08-04,132025325501.0,18725708.0
2025-08-05,136509905083.0,18037617.0
2025-08-06,135276465469.0,16601467.0
2025-08-07,137413583520.0,27748412.0
2025-08-08,143630318162.0,19510484.0
2025-08-09,144735931362.0,18836198.0
2025-08-10,149343510465.0,18010021.0
2025-08-11,149039986690.0,20509081.0
2025-08-12,147865482253.0,21205894.0
2025-08-13,154791486728.0,27054249.0
2025-08-14,158015462017.0,42942523.0
2025-08-15,153296980695.0,22458071.0
2025-08-16,150514010348.0,17700301.0
2025-08-17,150654359174.0,18274946.0
2025-08-18,151006384909.0,21530983.0
2025-08-19,148297426605.0,19182737.0
2025-08-20,142946435702.0,20312544.0
2025-08-21,148224259883.0,33951823.0
2025-08-22,146963163254.0,24783386.0
2025-08-23,158349164189.0,18970774.0
2025-08-24,159536530312.0,19510190.0
2025-08-25,156635936016.0,22650047.0
2025-08-26,149794057676.0,19915977.0
2025-08-27,154248678556.0,20722748.0
2025-08-28,153817323439.0,34575591.0
2025-08-29,155056401256.0,19403735.0
2025-08-30,151018204833.0,15719082.0
2025-08-31,151291221476.0,17196991.0
2025-09-01,150892646317.0,23238864.0
2025-09-02,148806576741.0,20544481.0
2025-09-03,149969422096.0,18350752.0
2025-09-04,153434206391.0,32208700.0
2025-09-05,150401967576.0,19551868.0
2025-09-06,150926350881.0,16505982.0
2025-09-07,150018623942.0,15673585.0
2025-09-08,151581432965.0,18386098.0
2025-09-09,152441169862.0,20295414.0
2025-09-10,152444916886.0,19439596.0
2025-09-11,154441921108.0,36353779.0
2025-09-12,157026846845.0,18791647.0
2025-09-13,162346461930.0,19019655.0
2025-09-14,161676162590.0,19056657.0
2025-09-15,159799805073.0,21551791.0
2025-09-16,158212943854.0,19377602.0
2025-09-17,158162755477.0,23000097.0
2025-09-18,160751381511.0,36315166.0
2025-09-19,161571653989.0,24458813.0
2025-09-20,158902173243.0,17302803.0
2025-09-21,160453094473.0,16890935.0
2025-09-22,158538614532.0,22414110.0
2025-09-23,152832931429.0,18714849.0
2025-09-24,150779692818.0,21551263.0
2025-09-25,150996493706.0,33419141.0
2025-09-26,145800588320.0,20129121.0
2025-09-27,149068757651.0,17577374.0
2025-09-28,150313640865.0,18588272.0
2025-09-29,154229974985.0,18318206.0
2025-09-30,156135711862.0,19725786.0
2025-10-01,155455254085.0,18581292.0
2025-10-02,161457310484.0,34320785.0
2025-10-03,164774789033.0,20224086.0
2025-10-04,166245550212.0,18756522.0
2025-10-05,165883693565.0,17719547.0
2025-10-06,166854168181.0,25297710.0
2025-10-07,171199139389.0,24243252.0
2025-10-08,167322643522.0,23297884.0
2025-10-09,169099645116.0,40762512.0
2025-10-10,164882793681.0,68800696.0
2025-10-11,147789050059.0,27354264.0
2025-10-12,145795247288.0,20826555.0
2025-10-13,155867737505.0,21986859.0
2025-10-14,159038997928.0,24800533.0
2025-10-15,156068785010.0,19011320.0
2025-10-16,151041088833.0,26914581.0
2025-10-17,148182178492.0,31256139.0
2025-10-18,145646153909.0,14153911.0
2025-10-19,148586598982.0,12239184.0
2025-10-20,149038234604.0,15561013.0
2025-10-21,151114653781.0,20557648.0
2025-10-22,147701980534.0,19480284.0
2025-10-23,144960132721.0,22104663.0
2025-10-24,147010390338.0,17482007.0
2025-10-25,149245373046.0,15244407.0
2025-10-26,149591697854.0,14041287.0
2025-10-27,154886728220.0,17820926.0
2025-10-28,154117811336.0,18080292.0
2025-10-29,151056380184.0,17684703.0
2025-10-30,149930151703.0,27203447.0
2025-10-31,146894330130.0,15416761.0
2025-11-01,147217961258.0,13596743.0
2025-11-02,147266073588.0,13605953.0
2025-11-03,147481933773.0,23482924.0
2025-11-04,139098753006.0,42668639.0
2025-11-05,128993495481.0,13311826.0
2025-11-06,130127063121.0,27940142.0
2025-11-07,127456214116.0,17515884.0
2025-11-08,130091378756.0,14672282.0
2025-11-09,128992952899.0,10508673.0
2025-11-10,133186600254.0,15501969.0
2025-11-11,133375320716.0,16452331.0
2025-11-12,129521244159.0,15773535.0
2025-11-13,129075684861.0,27005068.0
2025-11-14,126219396260.0,19363439.0
2025-11-15,123729022923.0,13407933.0
2025-11-16,123869017336.0,17615771.0
2025-11-17,121025068903.0,17035101.0
2025-11-18,118638641637.0,16499578.0
2025-11-19,121589993183.0,16543722.0
2025-11-20,119263519635.0,27106052.0
2025-11-21,115267626857.0,25686571.0
2025-11-22,111590140212.0,11784502.0
2025-11-23,110135830198.0,10945393.0
2025-11-24,111858462966.0,14093786.0
2025-11-25,115616543794.0,13184046.0
2025-11-26,115740810418.0,13095275.0
2025-11-27,118136418503.0,19010349.0
2025-11-28,117784246366.0,13297511.0
2025-11-29,117686430674.0,11844645.0
2025-11-30,116404284789.0,10606559.0
2025-12-01,115365644010.0,16039175.0
2025-12-02,111112627480.0,13375695.0
2025-12-03,116102160895.0,15148892.0
2025-12-04,120607262235.0,18947195.0
2025-12-05,119049192650.0,14413248.0
2025-12-06,116849362016.0,10338734.0
2025-12-07,116809011798.0,11842410.0
2025-12-08,117232462690.0,13277994.0
2025-12-09,117905340944.0,14031237.0
2025-12-10,121425034152.0,13569834.0
2025-12-11,120640103715.0,19416421.0
2025-12-12,120238003049.0,13273293.0
2025-12-13,118328973156.0,10580162.0
2025-12-14,119179553552.0,10599876.0
2025-12-15,118812257052.0,14119967.0
2025-12-16,115673977757.0,12866012.0
2025-12-17,116640855877.0,14630936.0
2025-12-18,113777844525.0,19699343.0
2025-12-19,113226913352.0,13567581.0
2025-12-20,116341635717.0,9665463.0
2025-12-21,116806720981.0,10782354.0
2025-12-22,117616180475.0,11921651.0
2025-12-23,117193244612.0,11526486.0
2025-12-24,114907966394.0,11062452.0
2025-12-25,115161948396.0,16403074.0
2025-12-26,114437242832.0,11065287.0
2025-12-27,114488922833.0,9791630.0
2025-12-28,115107096929.0,9834358.0
2025-12-29,115550718215.0,11729426.0
2025-12-30,113674320184.0,11373931.0
2025-12-31,113512811345.0,11185111.0
2026-01-01,114558347780.0,17517744.0
2026-01-02,117023960001.0,12112136.0
2026-01-03,119308397011.0,11466318.0
2026-01-04,120688402831.0,11103197.0
2026-01-05,121478981997.0,13544877.0
2026-01-06,123990444043.0,13832312.0
2026-01-07,124723306360.0,12531322.0
2026-01-08,121500834994.0,19003136.0
2026-01-09,119689908691.0,11206413.0
2026-01-10,118823454102.0,9596048.0
2026-01-11,119865163695.0,10943733.0
2026-01-12,120675727398.0,12916128.0
2026-01-13,119271784880.0,12782759.0
2026-01-14,125931727961.0,13824703.0
2026-01-15,127747971148.0,21625947.0
2026-01-16,126805445332.0,12393078.0
2026-01-17,126954576035.0,10534656.0
2026-01-18,127889775401.0,10785573.0
2026-01-19,125202637464.0,12588209.0
2026-01-20,124671507115.0,14492686.0
2026-01-21,117676642126.0,13986588.0
2026-01-22,118840681581.0,19916327.0
2026-01-23,118197420449.0,12251343.0
2026-01-24,118061885751.0,10787731.0
2026-01-25,118674330683.0,11248527.0
2026-01-26,114930276907.0,12345291.0
2026-01-27,117772140348.0,11485799.0
2026-01-28,119749496277.0,11993204.0
2026-01-29,119927993373.0,20152629.0
2026-01-30,114831612581.0,14491839.0
2026-01-31,112725824377.0,30762344.0
2026-02-01,106392438610.0,14472947.0
2026-02-02,102645831116.0,19811488.0
2026-02-03,103978701402.0,17375497.0
2026-02-04,102362355802.0,13105183.0
2026-02-05,99683631779.0,32347794.0
2026-02-06,89567667482.0,30248759.0
2026-02-07,95656801392.0,11442904.0
2026-02-08,96983845335.0,9625692.0
2026-02-09,97655967706.0,11236080.0
2026-02-10,97378653608.0,8960646.0
2026-02-11,95581766759.0,10262954.0
2026-02-12,94341375849.0,14303441.0
2026-02-13,93929934239.0,12921546.0
2026-02-14,96129510744.0,8594909.0
2026-02-15,96880188882.0,9404630.0
2026-02-16,94941149012.0,8967308.0
2026-02-17,95211563819.0,8579984.0
2026-02-18,94871601121.0,9536300.0
2026-02-19,92209883320.0,14418017.0
2026-02-20,92480668913.0,8752028.0
2026-02-21,92509068377.0,7472755.0
2026-02-22,92815358736.0,6994106.0
2026-02-23,91933450964.0,8583474.0
2026-02-24,89045407761.0,8325648.0
2026-02-25,88785353230.0,11519502.0
2026-02-26,93478546994.0,14893606.0
2026-02-27,92917614335.0,8469718.0
2026-02-28,90872559849.0,8532539.0
2026-03-01,91569797895.0,8168632.0
2026-03-02,90644268548.0,12079735.0
2026-03-03,93022024749.0,9785953.0
2026-03-04,91626183804.0,7223488.0
2026-03-05,95721741274.0,15284643.0
2026-03-06,95220360985.0,8916881.0
2026-03-07,92820052998.0,7283453.0
2026-03-08,92816497854.0,7672848.0
2026-03-09,92174615120.0,9640446.0
2026-03-10,94119426574.0,10592342.0
2026-03-11,94301207932.0,8541700.0
2026-03-12,93809550422.0,53137367.0
2026-03-13,95212739907.0,11043593.0
2026-03-14,94791241030.0,7491359.0
2026-03-15,95501039613.0,7580812.0
2026-03-16,97290696695.0,10522813.0
2026-03-17,99995583710.0,9027732.0
2026-03-18,99519426807.0,9220768.0
2026-03-19,96166337439.0,14716283.0
2026-03-20,94366059018.0,10541725.0
2026-03-21,95748167328.0,7249769.0
2026-03-22,94880397889.0,10737117.0
2026-03-23,92492775736.0,9681080.0
2026-03-24,94928004521.0,8410074.0
2026-03-25,95162806752.0,8239415.0
2026-03-26,95963034431.0,14018356.0
2026-03-27,93337565670.0,8893031.0
2026-03-28,91689675443.0,7332572.0
2026-03-29,91951000163.0,7137080.0
2026-03-30,91974889718.0,8257403.0
2026-03-31,92047355144.0,4905506.0
